algorithm,K,dataset,seed,runtime,best,best_reward,eval_reward,eval_profits,eval_power_tracker_violation,eval_user_satisfaction,opt_reward,opt_profits,opt_power_tracker_violation,opt_user_satisfaction
gnn_act_emb,2,bau_250_3000,40,45.74642055165667,-1666680.9570885017,"[-1666680.9570885 -1666680.9570885 -1666680.9570885 -1666680.9570885
 -1666680.9570885 -1666680.9570885 -1666680.9570885 -1666680.9570885
 -1666680.9570885 -1666680.9570885 -1666680.9570885 -1666680.9570885
 -1666680.9570885 -1666680.9570885 -1666680.9570885 -1666680.9570885
 -1666680.9570885 -1666680.9570885 -1666680.9570885 -1666680.9570885
 -1666680.9570885 -1666680.9570885 -1666680.9570885 -1666680.9570885
 -1666680.9570885 -1666680.9570885 -1666680.9570885 -1666680.9570885
 -1666680.9570885 -1666680.9570885 -1666680.9570885 -1666680.9570885
 -1666680.9570885 -1666680.9570885 -1666680.9570885 -1666680.9570885
 -1666680.9570885 -1666680.9570885 -1666680.9570885 -1666680.9570885
 -1666680.9570885 -1666680.9570885 -1666680.9570885 -1666680.9570885
 -1666680.9570885 -1666680.9570885 -1666680.9570885 -1666680.9570885
 -1666680.9570885 -1666680.9570885 -1666680.9570885 -1666680.9570885
 -1666680.9570885 -1666680.9570885 -1666680.9570885 -1666680.9570885
 -1666680.9570885 -1666680.9570885 -1666680.9570885 -1666680.9570885
 -1666680.9570885 -1666680.9570885 -1666680.9570885 -1666680.9570885
 -1666680.9570885 -1666680.9570885 -1666680.9570885 -1666680.9570885
 -1666680.9570885 -1666680.9570885 -1666680.9570885 -1666680.9570885
 -1666680.9570885 -1666680.9570885 -1666680.9570885 -1666680.9570885
 -1666680.9570885 -1666680.9570885]","[-1666680.9570885 -1666680.9570885 -1666680.9570885 -1666680.9570885
 -1666680.9570885 -1666680.9570885 -1666680.9570885 -1666680.9570885
 -1666680.9570885 -1666680.9570885 -1666680.9570885 -1666680.9570885
 -1666680.9570885 -1666680.9570885 -1666680.9570885 -1666680.9570885
 -1666680.9570885 -1666680.9570885 -1666680.9570885 -1666680.9570885
 -1666680.9570885 -1666680.9570885 -1666680.9570885 -1666680.9570885
 -1666680.9570885 -1666680.9570885 -1666680.9570885 -1666680.9570885
 -1666680.9570885 -1666680.9570885 -1666680.9570885 -1666680.9570885
 -1666680.9570885 -1666680.9570885 -1666680.9570885 -1666680.9570885
 -1666680.9570885 -1666680.9570885 -1666680.9570885 -1666680.9570885
 -1666680.9570885 -1666680.9570885 -1666680.9570885 -1666680.9570885
 -1666680.9570885 -1666680.9570885 -1666680.9570885 -1666680.9570885
 -1666680.9570885 -1666680.9570885 -1666680.9570885 -1666680.9570885
 -1666680.9570885 -1666680.9570885 -1666680.9570885 -1666680.9570885
 -1666680.9570885 -1666680.9570885 -1666680.9570885 -1666680.9570885
 -1666680.9570885 -1666680.9570885 -1666680.9570885 -1666680.9570885
 -1666680.9570885 -1666680.9570885 -1666680.9570885 -1666680.9570885
 -1666680.9570885 -1666680.9570885 -1666680.9570885 -1666680.9570885
 -1666680.9570885 -1666680.9570885 -1666680.9570885 -1666680.9570885
 -1666680.9570885 -1666680.9570885]","[-2673.5380105 -2673.5380105 -2673.5380105 -2673.5380105 -2673.5380105
 -2673.5380105 -2673.5380105 -2673.5380105 -2673.5380105 -2673.5380105
 -2673.5380105 -2673.5380105 -2673.5380105 -2673.5380105 -2673.5380105
 -2673.5380105 -2673.5380105 -2673.5380105 -2673.5380105 -2673.5380105
 -2673.5380105 -2673.5380105 -2673.5380105 -2673.5380105 -2673.5380105
 -2673.5380105 -2673.5380105 -2673.5380105 -2673.5380105 -2673.5380105
 -2673.5380105 -2673.5380105 -2673.5380105 -2673.5380105 -2673.5380105
 -2673.5380105 -2673.5380105 -2673.5380105 -2673.5380105 -2673.5380105
 -2673.5380105 -2673.5380105 -2673.5380105 -2673.5380105 -2673.5380105
 -2673.5380105 -2673.5380105 -2673.5380105 -2673.5380105 -2673.5380105
 -2673.5380105 -2673.5380105 -2673.5380105 -2673.5380105 -2673.5380105
 -2673.5380105 -2673.5380105 -2673.5380105 -2673.5380105 -2673.5380105
 -2673.5380105 -2673.5380105 -2673.5380105 -2673.5380105 -2673.5380105
 -2673.5380105 -2673.5380105 -2673.5380105 -2673.5380105 -2673.5380105
 -2673.5380105 -2673.5380105 -2673.5380105 -2673.5380105 -2673.5380105
 -2673.5380105 -2673.5380105 -2673.5380105]","[9843.66760918 9843.66760918 9843.66760918 9843.66760918 9843.66760918
 9843.66760918 9843.66760918 9843.66760918 9843.66760918 9843.66760918
 9843.66760918 9843.66760918 9843.66760918 9843.66760918 9843.66760918
 9843.66760918 9843.66760918 9843.66760918 9843.66760918 9843.66760918
 9843.66760918 9843.66760918 9843.66760918 9843.66760918 9843.66760918
 9843.66760918 9843.66760918 9843.66760918 9843.66760918 9843.66760918
 9843.66760918 9843.66760918 9843.66760918 9843.66760918 9843.66760918
 9843.66760918 9843.66760918 9843.66760918 9843.66760918 9843.66760918
 9843.66760918 9843.66760918 9843.66760918 9843.66760918 9843.66760918
 9843.66760918 9843.66760918 9843.66760918 9843.66760918 9843.66760918
 9843.66760918 9843.66760918 9843.66760918 9843.66760918 9843.66760918
 9843.66760918 9843.66760918 9843.66760918 9843.66760918 9843.66760918
 9843.66760918 9843.66760918 9843.66760918 9843.66760918 9843.66760918
 9843.66760918 9843.66760918 9843.66760918 9843.66760918 9843.66760918
 9843.66760918 9843.66760918 9843.66760918 9843.66760918 9843.66760918
 9843.66760918 9843.66760918 9843.66760918]","[0.99995465 0.99995465 0.99995465 0.99995465 0.99995465 0.99995465
 0.99995465 0.99995465 0.99995465 0.99995465 0.99995465 0.99995465
 0.99995465 0.99995465 0.99995465 0.99995465 0.99995465 0.99995465
 0.99995465 0.99995465 0.99995465 0.99995465 0.99995465 0.99995465
 0.99995465 0.99995465 0.99995465 0.99995465 0.99995465 0.99995465
 0.99995465 0.99995465 0.99995465 0.99995465 0.99995465 0.99995465
 0.99995465 0.99995465 0.99995465 0.99995465 0.99995465 0.99995465
 0.99995465 0.99995465 0.99995465 0.99995465 0.99995465 0.99995465
 0.99995465 0.99995465 0.99995465 0.99995465 0.99995465 0.99995465
 0.99995465 0.99995465 0.99995465 0.99995465 0.99995465 0.99995465
 0.99995465 0.99995465 0.99995465 0.99995465 0.99995465 0.99995465
 0.99995465 0.99995465 0.99995465 0.99995465 0.99995465 0.99995465
 0.99995465 0.99995465 0.99995465 0.99995465 0.99995465 0.99995465]",-5929.935315096174,-1242.5809063036538,0.506833287925163,0.9907762164926116
gnn_act_emb,2,bau_250_3000,50,45.84391953731139,-1666680.9570885017,"[-1666680.9570885 -1666680.9570885 -1666680.9570885 -1666680.9570885
 -1666680.9570885 -1666680.9570885 -1666680.9570885 -1666680.9570885
 -1666680.9570885 -1666680.9570885 -1666680.9570885 -1666680.9570885
 -1666680.9570885 -1666680.9570885 -1666680.9570885 -1666680.9570885
 -1666680.9570885 -1666680.9570885 -1666680.9570885 -1666680.9570885
 -1666680.9570885 -1666680.9570885 -1666680.9570885 -1666680.9570885
 -1666680.9570885 -1666680.9570885 -1666680.9570885 -1666680.9570885
 -1666680.9570885 -1666680.9570885 -1666680.9570885 -1666680.9570885
 -1666680.9570885 -1666680.9570885 -1666680.9570885 -1666680.9570885
 -1666680.9570885 -1666680.9570885 -1666680.9570885 -1666680.9570885
 -1666680.9570885 -1666680.9570885 -1666680.9570885 -1666680.9570885
 -1666680.9570885 -1666680.9570885 -1666680.9570885 -1666680.9570885
 -1666680.9570885 -1666680.9570885 -1666680.9570885 -1666680.9570885
 -1666680.9570885 -1666680.9570885 -1666680.9570885 -1666680.9570885
 -1666680.9570885 -1666680.9570885 -1666680.9570885 -1666680.9570885
 -1666680.9570885 -1666680.9570885 -1666680.9570885 -1666680.9570885
 -1666680.9570885 -1666680.9570885 -1666680.9570885 -1666680.9570885
 -1666680.9570885 -1666680.9570885 -1666680.9570885 -1666680.9570885
 -1666680.9570885 -1666680.9570885 -1666680.9570885 -1666680.9570885
 -1666680.9570885 -1666680.9570885]","[-1666680.9570885 -1666680.9570885 -1666680.9570885 -1666680.9570885
 -1666680.9570885 -1666680.9570885 -1666680.9570885 -1666680.9570885
 -1666680.9570885 -1666680.9570885 -1666680.9570885 -1666680.9570885
 -1666680.9570885 -1666680.9570885 -1666680.9570885 -1666680.9570885
 -1666680.9570885 -1666680.9570885 -1666680.9570885 -1666680.9570885
 -1666680.9570885 -1666680.9570885 -1666680.9570885 -1666680.9570885
 -1666680.9570885 -1666680.9570885 -1666680.9570885 -1666680.9570885
 -1666680.9570885 -1666680.9570885 -1666680.9570885 -1666680.9570885
 -1666680.9570885 -1666680.9570885 -1666680.9570885 -1666680.9570885
 -1666680.9570885 -1666680.9570885 -1666680.9570885 -1666680.9570885
 -1666680.9570885 -1666680.9570885 -1666680.9570885 -1666680.9570885
 -1666680.9570885 -1666680.9570885 -1666680.9570885 -1666680.9570885
 -1666680.9570885 -1666680.9570885 -1666680.9570885 -1666680.9570885
 -1666680.9570885 -1666680.9570885 -1666680.9570885 -1666680.9570885
 -1666680.9570885 -1666680.9570885 -1666680.9570885 -1666680.9570885
 -1666680.9570885 -1666680.9570885 -1666680.9570885 -1666680.9570885
 -1666680.9570885 -1666680.9570885 -1666680.9570885 -1666680.9570885
 -1666680.9570885 -1666680.9570885 -1666680.9570885 -1666680.9570885
 -1666680.9570885 -1666680.9570885 -1666680.9570885 -1666680.9570885
 -1666680.9570885 -1666680.9570885]","[-2673.5380105 -2673.5380105 -2673.5380105 -2673.5380105 -2673.5380105
 -2673.5380105 -2673.5380105 -2673.5380105 -2673.5380105 -2673.5380105
 -2673.5380105 -2673.5380105 -2673.5380105 -2673.5380105 -2673.5380105
 -2673.5380105 -2673.5380105 -2673.5380105 -2673.5380105 -2673.5380105
 -2673.5380105 -2673.5380105 -2673.5380105 -2673.5380105 -2673.5380105
 -2673.5380105 -2673.5380105 -2673.5380105 -2673.5380105 -2673.5380105
 -2673.5380105 -2673.5380105 -2673.5380105 -2673.5380105 -2673.5380105
 -2673.5380105 -2673.5380105 -2673.5380105 -2673.5380105 -2673.5380105
 -2673.5380105 -2673.5380105 -2673.5380105 -2673.5380105 -2673.5380105
 -2673.5380105 -2673.5380105 -2673.5380105 -2673.5380105 -2673.5380105
 -2673.5380105 -2673.5380105 -2673.5380105 -2673.5380105 -2673.5380105
 -2673.5380105 -2673.5380105 -2673.5380105 -2673.5380105 -2673.5380105
 -2673.5380105 -2673.5380105 -2673.5380105 -2673.5380105 -2673.5380105
 -2673.5380105 -2673.5380105 -2673.5380105 -2673.5380105 -2673.5380105
 -2673.5380105 -2673.5380105 -2673.5380105 -2673.5380105 -2673.5380105
 -2673.5380105 -2673.5380105 -2673.5380105]","[9843.66760918 9843.66760918 9843.66760918 9843.66760918 9843.66760918
 9843.66760918 9843.66760918 9843.66760918 9843.66760918 9843.66760918
 9843.66760918 9843.66760918 9843.66760918 9843.66760918 9843.66760918
 9843.66760918 9843.66760918 9843.66760918 9843.66760918 9843.66760918
 9843.66760918 9843.66760918 9843.66760918 9843.66760918 9843.66760918
 9843.66760918 9843.66760918 9843.66760918 9843.66760918 9843.66760918
 9843.66760918 9843.66760918 9843.66760918 9843.66760918 9843.66760918
 9843.66760918 9843.66760918 9843.66760918 9843.66760918 9843.66760918
 9843.66760918 9843.66760918 9843.66760918 9843.66760918 9843.66760918
 9843.66760918 9843.66760918 9843.66760918 9843.66760918 9843.66760918
 9843.66760918 9843.66760918 9843.66760918 9843.66760918 9843.66760918
 9843.66760918 9843.66760918 9843.66760918 9843.66760918 9843.66760918
 9843.66760918 9843.66760918 9843.66760918 9843.66760918 9843.66760918
 9843.66760918 9843.66760918 9843.66760918 9843.66760918 9843.66760918
 9843.66760918 9843.66760918 9843.66760918 9843.66760918 9843.66760918
 9843.66760918 9843.66760918 9843.66760918]","[0.99995465 0.99995465 0.99995465 0.99995465 0.99995465 0.99995465
 0.99995465 0.99995465 0.99995465 0.99995465 0.99995465 0.99995465
 0.99995465 0.99995465 0.99995465 0.99995465 0.99995465 0.99995465
 0.99995465 0.99995465 0.99995465 0.99995465 0.99995465 0.99995465
 0.99995465 0.99995465 0.99995465 0.99995465 0.99995465 0.99995465
 0.99995465 0.99995465 0.99995465 0.99995465 0.99995465 0.99995465
 0.99995465 0.99995465 0.99995465 0.99995465 0.99995465 0.99995465
 0.99995465 0.99995465 0.99995465 0.99995465 0.99995465 0.99995465
 0.99995465 0.99995465 0.99995465 0.99995465 0.99995465 0.99995465
 0.99995465 0.99995465 0.99995465 0.99995465 0.99995465 0.99995465
 0.99995465 0.99995465 0.99995465 0.99995465 0.99995465 0.99995465
 0.99995465 0.99995465 0.99995465 0.99995465 0.99995465 0.99995465
 0.99995465 0.99995465 0.99995465 0.99995465 0.99995465 0.99995465]",-5929.935315096174,-1242.5809063036538,0.506833287925163,0.9907762164926116
gnn_act_emb,2,optimal_250_3000,50,45.63757433373361,-1186817.4301733547,"[-1666820.51768068 -1666820.51768068 -1666820.51768068 -1666820.51768068
 -1666820.51768068 -1666820.51768068 -1666820.51768068 -1666820.51768068
 -1666820.51768068 -1666820.51768068 -1666820.51768068 -1666820.51768068
 -1666820.51768068 -1666820.51768068 -1666820.51768068 -1666820.51768068
 -1666820.51768068 -1666820.51768068 -1666820.51768068 -1666820.51768068
 -1666820.51768068 -1666820.51768068 -1666820.51768068 -1666820.51768068
 -1666820.51768068 -1666820.51768068 -1666820.51768068 -1666820.51768068
 -1666820.51768068 -1666820.51768068 -1666820.51768068 -1666820.51768068
 -1666820.51768068 -1666820.51768068 -1666820.51768068 -1666820.51768068
 -1666820.51768068 -1666820.51768068 -1666820.51768068 -1666820.51768068
 -1666820.51768068 -1666820.51768068 -1666820.51768068 -1666820.51768068
 -1666820.51768068 -1666820.51768068 -1666820.51768068 -1666820.51768068
 -1666820.51768068 -1666820.51768068 -1666820.51768068 -1666820.51768068
 -1186817.43017335 -1186817.43017335 -1186817.43017335 -1186817.43017335
 -1186817.43017335 -1186817.43017335 -1186817.43017335 -1186817.43017335
 -1186817.43017335 -1186817.43017335 -1186817.43017335 -1186817.43017335
 -1186817.43017335 -1186817.43017335 -1186817.43017335 -1186817.43017335
 -1186817.43017335 -1186817.43017335 -1186817.43017335 -1186817.43017335
 -1186817.43017335 -1186817.43017335 -1186817.43017335 -1186817.43017335
 -1186817.43017335]","[-1666820.51768068 -4077469.32261984 -5359063.07957051 -4689477.34637425
 -4642406.16806111 -5349976.19205017 -5730808.61939156 -6399251.24671824
 -6669514.01759395 -5736951.00538034 -5655011.06499394 -3486241.43582816
 -4975119.71733554 -3049339.76593499 -3820667.16595092 -2632851.80965946
 -2796723.60238116 -3536835.22300648 -2845162.28851547 -2073108.3499871
 -3017228.07702158 -2599660.89773438 -1833388.39046183 -2096321.47724627
 -2315618.74807449 -4093944.45670262 -3254086.71693796 -2145684.03884797
 -2344395.88115375 -1995446.09236792 -2848070.95981714 -2152210.88239756
 -2576566.88301369 -4120879.19454129 -2771231.49336759 -2577902.64860411
 -2055656.95393978 -2686451.87002086 -2781172.16723428 -2133703.72821595
 -2548719.01387513 -2289969.52908375 -2182705.41555104 -2933595.61216255
 -1847473.34053995 -2607968.90543405 -2427618.68704118 -1805974.27653888
 -2902029.26942057 -1809908.1341914  -2136332.77200037 -2056197.8394165
 -1186817.43017335 -2014730.54042991 -1949147.23643044 -2051853.36258978
 -1912711.40813677 -1766530.8184787  -2107260.3964672  -1668936.24016395
 -1366990.00255179 -1786529.02976837 -1786499.03333177 -1452183.59512403
 -2083761.79349569 -1905926.75277892 -2376937.33486726 -1945842.20009794
 -2012791.05461959 -2079444.22362819 -1532466.37960472 -1845502.79063152
 -1686437.75988793 -1643115.95698478 -2316711.57404545 -2068431.8189914
 -1692524.75012411]","[-2.67329767e+03 -4.72929575e+02  7.18684817e+02 -7.36126014e+00
  6.88040388e+02  1.34758967e+03  1.66442204e+03  1.96036235e+03
  2.03224119e+03  1.53864228e+03  1.67274063e+03  2.40929436e+02
 -4.16772657e+02  3.85285953e-01  1.14884443e+03  1.27508339e+01
 -1.53718590e+03 -9.49241661e+02 -6.34644951e+02  4.94860293e+01
 -1.10176402e+03 -5.44341350e+02  9.59982709e+01 -8.95900289e+02
 -5.51953646e+02 -1.14929993e+03 -1.11487698e+03  3.83154261e+01
 -6.22767971e+01 -3.82063801e+02 -6.36470656e+02 -1.04087944e+03
 -2.10556623e+01 -2.24045296e+02 -7.91515744e+02 -1.36334757e+03
 -8.67544597e+02 -1.68874641e+02 -1.56548189e+02 -4.99413959e+02
 -6.76611391e+02 -2.13766790e+02 -6.03342805e+02  3.31355888e+01
 -2.53338189e+02 -6.51227327e+02 -5.87306899e+02 -5.09009264e+02
 -5.99967724e+02 -5.78854058e+02 -5.59237352e+02 -5.34934589e+02
 -7.09074131e+02 -8.90891929e+02 -2.00032023e+02 -4.90263069e+02
 -2.51850524e+02 -4.27372005e+02 -1.71490104e+02 -3.08345788e+02
 -7.25913025e+02 -4.24256959e+02 -5.79624988e+02 -5.49839826e+02
 -2.62658369e+01 -4.07113598e+01  2.52400449e+02 -6.90590301e+02
  9.38500060e+01 -4.68940423e+01 -4.61212113e+02 -1.79590884e+02
 -3.18632467e+02 -6.06677515e+02  2.15725280e+02 -6.46755278e+01
 -4.21701945e+02]","[9.84527017e+03 1.55180465e+04 1.23545162e+04 1.77303727e+04
 8.99993629e+03 1.90428416e+03 6.44175341e+01 1.66651519e+01
 3.41431861e+01 5.20898795e+03 2.19410972e+03 9.65909390e+03
 2.68244698e+04 1.06043180e+04 1.20199318e+03 7.58430492e+03
 1.95492363e+04 2.16272118e+04 1.22690286e+04 3.25823186e+03
 1.92274095e+04 1.29924999e+04 1.81748156e+03 1.27891178e+04
 1.15943674e+04 2.70684007e+04 2.10729933e+04 3.64020211e+03
 5.97720563e+03 7.11588420e+03 1.32701519e+04 1.42075257e+04
 6.07901418e+03 1.75224929e+04 1.61450948e+04 1.90087823e+04
 1.24260786e+04 1.02277902e+04 8.05275287e+03 9.76071036e+03
 1.46232450e+04 6.63982632e+03 9.06940882e+03 6.71402429e+03
 6.48793798e+03 1.45879285e+04 1.26295386e+04 7.85398848e+03
 1.54284103e+04 8.58944828e+03 1.09841346e+04 1.08469914e+04
 4.90853907e+03 1.22260327e+04 5.04747452e+03 8.10273715e+03
 7.08011951e+03 7.15433485e+03 5.29105323e+03 6.21605130e+03
 7.00298739e+03 8.06946654e+03 4.69844513e+03 5.85859935e+03
 5.70890649e+03 4.74610707e+03 4.68553648e+03 1.10606834e+04
 4.37037688e+03 6.38994438e+03 5.86997936e+03 4.55362465e+03
 5.22866305e+03 8.16697520e+03 5.32363939e+03 6.62187143e+03
 6.89021614e+03]","[0.9999519  0.67615497 0.49903281 0.62825557 0.53197031 0.36645073
 0.30068426 0.24647931 0.22682697 0.35046928 0.32709115 0.6235549
 0.68649107 0.68763819 0.46244251 0.68684393 0.89736189 0.81959777
 0.77616277 0.69320994 0.84920345 0.79120046 0.68616664 0.86250378
 0.80749137 0.82324365 0.85113815 0.69911192 0.72309773 0.76706115
 0.78724542 0.86957745 0.71198931 0.68876994 0.82653557 0.89108081
 0.8614949  0.74150542 0.71854203 0.79128009 0.82548287 0.73842862
 0.79776208 0.68650607 0.76063884 0.82252131 0.81089499 0.80319321
 0.80169631 0.80776932 0.81652631 0.82505119 0.82436712 0.86579308
 0.75145666 0.78448761 0.76628896 0.78271828 0.74702562 0.78067597
 0.84314408 0.81176281 0.79574565 0.81116033 0.71065928 0.73965242
 0.69098577 0.85034964 0.71612225 0.75107518 0.79410864 0.76763846
 0.78082456 0.83219834 0.70643201 0.75439832 0.80754209]",-5929.935315096174,-1242.5809063036538,0.506833287925163,0.9907762164926116
gnn_act_emb,2,optimal_250_3000,40,45.573126082928056,-1666680.9570885017,"[-1666680.9570885 -1666680.9570885 -1666680.9570885 -1666680.9570885
 -1666680.9570885 -1666680.9570885 -1666680.9570885 -1666680.9570885
 -1666680.9570885 -1666680.9570885 -1666680.9570885 -1666680.9570885
 -1666680.9570885 -1666680.9570885 -1666680.9570885 -1666680.9570885
 -1666680.9570885 -1666680.9570885 -1666680.9570885 -1666680.9570885
 -1666680.9570885 -1666680.9570885 -1666680.9570885 -1666680.9570885
 -1666680.9570885 -1666680.9570885 -1666680.9570885 -1666680.9570885
 -1666680.9570885 -1666680.9570885 -1666680.9570885 -1666680.9570885
 -1666680.9570885 -1666680.9570885 -1666680.9570885 -1666680.9570885
 -1666680.9570885 -1666680.9570885 -1666680.9570885 -1666680.9570885
 -1666680.9570885 -1666680.9570885 -1666680.9570885 -1666680.9570885
 -1666680.9570885 -1666680.9570885 -1666680.9570885 -1666680.9570885
 -1666680.9570885 -1666680.9570885 -1666680.9570885 -1666680.9570885
 -1666680.9570885 -1666680.9570885 -1666680.9570885 -1666680.9570885
 -1666680.9570885 -1666680.9570885 -1666680.9570885 -1666680.9570885
 -1666680.9570885 -1666680.9570885 -1666680.9570885 -1666680.9570885
 -1666680.9570885 -1666680.9570885 -1666680.9570885 -1666680.9570885
 -1666680.9570885 -1666680.9570885 -1666680.9570885 -1666680.9570885
 -1666680.9570885 -1666680.9570885 -1666680.9570885 -1666680.9570885
 -1666680.9570885 -1666680.9570885]","[-1666680.9570885 -1666680.9570885 -1666680.9570885 -1666680.9570885
 -1666680.9570885 -1666680.9570885 -1666680.9570885 -1666680.9570885
 -1666680.9570885 -1666680.9570885 -1666680.9570885 -1666680.9570885
 -1666680.9570885 -1666680.9570885 -1666680.9570885 -1666680.9570885
 -1666680.9570885 -1666680.9570885 -1666680.9570885 -1666680.9570885
 -1666680.9570885 -1666680.9570885 -1666680.9570885 -1666680.9570885
 -1666680.9570885 -1666680.9570885 -1666680.9570885 -1666680.9570885
 -1666680.9570885 -1666680.9570885 -1666680.9570885 -1666680.9570885
 -1666680.9570885 -1666680.9570885 -1666680.9570885 -1666680.9570885
 -1666680.9570885 -1666680.9570885 -1666680.9570885 -1666680.9570885
 -1666680.9570885 -1666680.9570885 -1666680.9570885 -1666680.9570885
 -1666680.9570885 -1666680.9570885 -1666680.9570885 -1666680.9570885
 -1666680.9570885 -1666680.9570885 -1666680.9570885 -1666680.9570885
 -1666680.9570885 -1666680.9570885 -1666680.9570885 -1666680.9570885
 -1666680.9570885 -1666680.9570885 -1666680.9570885 -1666680.9570885
 -1666680.9570885 -1666680.9570885 -1666680.9570885 -1666680.9570885
 -1666680.9570885 -1666680.9570885 -1666680.9570885 -1666680.9570885
 -1666680.9570885 -1666680.9570885 -1666680.9570885 -1666680.9570885
 -1666680.9570885 -1666680.9570885 -1666680.9570885 -1666680.9570885
 -1666680.9570885 -1666680.9570885]","[-2673.5380105 -2673.5380105 -2673.5380105 -2673.5380105 -2673.5380105
 -2673.5380105 -2673.5380105 -2673.5380105 -2673.5380105 -2673.5380105
 -2673.5380105 -2673.5380105 -2673.5380105 -2673.5380105 -2673.5380105
 -2673.5380105 -2673.5380105 -2673.5380105 -2673.5380105 -2673.5380105
 -2673.5380105 -2673.5380105 -2673.5380105 -2673.5380105 -2673.5380105
 -2673.5380105 -2673.5380105 -2673.5380105 -2673.5380105 -2673.5380105
 -2673.5380105 -2673.5380105 -2673.5380105 -2673.5380105 -2673.5380105
 -2673.5380105 -2673.5380105 -2673.5380105 -2673.5380105 -2673.5380105
 -2673.5380105 -2673.5380105 -2673.5380105 -2673.5380105 -2673.5380105
 -2673.5380105 -2673.5380105 -2673.5380105 -2673.5380105 -2673.5380105
 -2673.5380105 -2673.5380105 -2673.5380105 -2673.5380105 -2673.5380105
 -2673.5380105 -2673.5380105 -2673.5380105 -2673.5380105 -2673.5380105
 -2673.5380105 -2673.5380105 -2673.5380105 -2673.5380105 -2673.5380105
 -2673.5380105 -2673.5380105 -2673.5380105 -2673.5380105 -2673.5380105
 -2673.5380105 -2673.5380105 -2673.5380105 -2673.5380105 -2673.5380105
 -2673.5380105 -2673.5380105 -2673.5380105]","[9843.66760918 9843.66760918 9843.66760918 9843.66760918 9843.66760918
 9843.66760918 9843.66760918 9843.66760918 9843.66760918 9843.66760918
 9843.66760918 9843.66760918 9843.66760918 9843.66760918 9843.66760918
 9843.66760918 9843.66760918 9843.66760918 9843.66760918 9843.66760918
 9843.66760918 9843.66760918 9843.66760918 9843.66760918 9843.66760918
 9843.66760918 9843.66760918 9843.66760918 9843.66760918 9843.66760918
 9843.66760918 9843.66760918 9843.66760918 9843.66760918 9843.66760918
 9843.66760918 9843.66760918 9843.66760918 9843.66760918 9843.66760918
 9843.66760918 9843.66760918 9843.66760918 9843.66760918 9843.66760918
 9843.66760918 9843.66760918 9843.66760918 9843.66760918 9843.66760918
 9843.66760918 9843.66760918 9843.66760918 9843.66760918 9843.66760918
 9843.66760918 9843.66760918 9843.66760918 9843.66760918 9843.66760918
 9843.66760918 9843.66760918 9843.66760918 9843.66760918 9843.66760918
 9843.66760918 9843.66760918 9843.66760918 9843.66760918 9843.66760918
 9843.66760918 9843.66760918 9843.66760918 9843.66760918 9843.66760918
 9843.66760918 9843.66760918 9843.66760918]","[0.99995465 0.99995465 0.99995465 0.99995465 0.99995465 0.99995465
 0.99995465 0.99995465 0.99995465 0.99995465 0.99995465 0.99995465
 0.99995465 0.99995465 0.99995465 0.99995465 0.99995465 0.99995465
 0.99995465 0.99995465 0.99995465 0.99995465 0.99995465 0.99995465
 0.99995465 0.99995465 0.99995465 0.99995465 0.99995465 0.99995465
 0.99995465 0.99995465 0.99995465 0.99995465 0.99995465 0.99995465
 0.99995465 0.99995465 0.99995465 0.99995465 0.99995465 0.99995465
 0.99995465 0.99995465 0.99995465 0.99995465 0.99995465 0.99995465
 0.99995465 0.99995465 0.99995465 0.99995465 0.99995465 0.99995465
 0.99995465 0.99995465 0.99995465 0.99995465 0.99995465 0.99995465
 0.99995465 0.99995465 0.99995465 0.99995465 0.99995465 0.99995465
 0.99995465 0.99995465 0.99995465 0.99995465 0.99995465 0.99995465
 0.99995465 0.99995465 0.99995465 0.99995465 0.99995465 0.99995465]",-5929.935315096174,-1242.5809063036538,0.506833287925163,0.9907762164926116
gnn_act_emb,2,random_250_3000,50,45.87494588829028,-1666680.9570885017,"[-1666680.9570885 -1666680.9570885 -1666680.9570885 -1666680.9570885
 -1666680.9570885 -1666680.9570885 -1666680.9570885 -1666680.9570885
 -1666680.9570885 -1666680.9570885 -1666680.9570885 -1666680.9570885
 -1666680.9570885 -1666680.9570885 -1666680.9570885 -1666680.9570885
 -1666680.9570885 -1666680.9570885 -1666680.9570885 -1666680.9570885
 -1666680.9570885 -1666680.9570885 -1666680.9570885 -1666680.9570885
 -1666680.9570885 -1666680.9570885 -1666680.9570885 -1666680.9570885
 -1666680.9570885 -1666680.9570885 -1666680.9570885 -1666680.9570885
 -1666680.9570885 -1666680.9570885 -1666680.9570885 -1666680.9570885
 -1666680.9570885 -1666680.9570885 -1666680.9570885 -1666680.9570885
 -1666680.9570885 -1666680.9570885 -1666680.9570885 -1666680.9570885
 -1666680.9570885 -1666680.9570885 -1666680.9570885 -1666680.9570885
 -1666680.9570885 -1666680.9570885 -1666680.9570885 -1666680.9570885
 -1666680.9570885 -1666680.9570885 -1666680.9570885 -1666680.9570885
 -1666680.9570885 -1666680.9570885 -1666680.9570885 -1666680.9570885
 -1666680.9570885 -1666680.9570885 -1666680.9570885 -1666680.9570885
 -1666680.9570885 -1666680.9570885 -1666680.9570885 -1666680.9570885
 -1666680.9570885 -1666680.9570885 -1666680.9570885 -1666680.9570885
 -1666680.9570885 -1666680.9570885 -1666680.9570885 -1666680.9570885
 -1666680.9570885 -1666680.9570885 -1666680.9570885]","[-1666680.9570885  -1666680.9570885  -6850364.86486752 -6850364.86486752
 -6850364.86486752 -6850364.86486752 -6850364.86486752 -6850364.86486752
 -6850364.86486752 -6850364.86486752 -6850364.86486752 -6850364.86486752
 -6850364.86486752 -6850364.86486752 -6850364.86486752 -6850364.86486752
 -6850364.86486752 -6850364.86486752 -6850364.86486752 -6850364.86486752
 -6850364.86486752 -6850364.86486752 -6850364.86486752 -6850364.86486752
 -6850364.86486752 -6850364.86486752 -6850364.86486752 -6850364.86486752
 -6850364.86486752 -6850364.86486752 -6850364.86486752 -6850364.86486752
 -6850364.86486752 -6850364.86486752 -6850364.86486752 -6850364.86486752
 -6850364.86486752 -6850364.86486752 -6850364.86486752 -6850364.86486752
 -6850364.86486752 -6850364.86486752 -6850364.86486752 -6850364.86486752
 -6850364.86486752 -6850364.86486752 -6850364.86486752 -6850364.86486752
 -6850364.86486752 -6850364.86486752 -6850364.86486752 -6850364.86486752
 -6850364.86486752 -6850364.86486752 -6850364.86486752 -6850364.86486752
 -6850364.86477429 -1666680.9570885  -1666680.9570885  -1666680.9570885
 -1666680.9570885  -1666680.9570885  -1666680.9570885  -1666680.9570885
 -1666680.9570885  -1666680.9570885  -1666680.9570885  -1666680.9570885
 -1666680.9570885  -1666680.9570885  -1666680.9570885  -1666680.9570885
 -1666680.9570885  -1666680.9570885  -1666680.9570885  -1666680.9570885
 -1666680.9570885  -1666680.9570885  -1666680.9570885 ]","[-2673.5380105  -2673.5380105   2063.64093248  2063.64093248
  2063.64093248  2063.64093248  2063.64093248  2063.64093248
  2063.64093248  2063.64093248  2063.64093248  2063.64093248
  2063.64093248  2063.64093248  2063.64093248  2063.64093248
  2063.64093248  2063.64093248  2063.64093248  2063.64093248
  2063.64093248  2063.64093248  2063.64093248  2063.64093248
  2063.64093248  2063.64093248  2063.64093248  2063.64093248
  2063.64093248  2063.64093248  2063.64093248  2063.64093248
  2063.64093248  2063.64093248  2063.64093248  2063.64093248
  2063.64093248  2063.64093248  2063.64093248  2063.64093248
  2063.64093248  2063.64093248  2063.64093248  2063.64093248
  2063.64093248  2063.64093248  2063.64093248  2063.64093248
  2063.64093248  2063.64093248  2063.64093248  2063.64093248
  2063.64093248  2063.64093248  2063.64093248  2063.64093248
  2063.64102571 -2673.5380105  -2673.5380105  -2673.5380105
 -2673.5380105  -2673.5380105  -2673.5380105  -2673.5380105
 -2673.5380105  -2673.5380105  -2673.5380105  -2673.5380105
 -2673.5380105  -2673.5380105  -2673.5380105  -2673.5380105
 -2673.5380105  -2673.5380105  -2673.5380105  -2673.5380105
 -2673.5380105  -2673.5380105  -2673.5380105 ]","[9843.66760918 9843.66760918    0.            0.            0.
    0.            0.            0.            0.            0.
    0.            0.            0.            0.            0.
    0.            0.            0.            0.            0.
    0.            0.            0.            0.            0.
    0.            0.            0.            0.            0.
    0.            0.            0.            0.            0.
    0.            0.            0.            0.            0.
    0.            0.            0.            0.            0.
    0.            0.            0.            0.            0.
    0.            0.            0.            0.            0.
    0.            0.         9843.66760918 9843.66760918 9843.66760918
 9843.66760918 9843.66760918 9843.66760918 9843.66760918 9843.66760918
 9843.66760918 9843.66760918 9843.66760918 9843.66760918 9843.66760918
 9843.66760918 9843.66760918 9843.66760918 9843.66760918 9843.66760918
 9843.66760918 9843.66760918 9843.66760918 9843.66760918]","[0.99995465 0.99995465 0.21470237 0.21470237 0.21470237 0.21470237
 0.21470237 0.21470237 0.21470237 0.21470237 0.21470237 0.21470237
 0.21470237 0.21470237 0.21470237 0.21470237 0.21470237 0.21470237
 0.21470237 0.21470237 0.21470237 0.21470237 0.21470237 0.21470237
 0.21470237 0.21470237 0.21470237 0.21470237 0.21470237 0.21470237
 0.21470237 0.21470237 0.21470237 0.21470237 0.21470237 0.21470237
 0.21470237 0.21470237 0.21470237 0.21470237 0.21470237 0.21470237
 0.21470237 0.21470237 0.21470237 0.21470237 0.21470237 0.21470237
 0.21470237 0.21470237 0.21470237 0.21470237 0.21470237 0.21470237
 0.21470237 0.21470237 0.21470237 0.99995465 0.99995465 0.99995465
 0.99995465 0.99995465 0.99995465 0.99995465 0.99995465 0.99995465
 0.99995465 0.99995465 0.99995465 0.99995465 0.99995465 0.99995465
 0.99995465 0.99995465 0.99995465 0.99995465 0.99995465 0.99995465
 0.99995465]",-5929.935315096174,-1242.5809063036538,0.506833287925163,0.9907762164926116
gnn_act_emb,2,random_250_3000,40,45.43871754854584,-1666580.1166420544,"[-1666680.9570885  -1666680.9570885  -1666680.9570885  -1666680.9570885
 -1666680.9570885  -1666680.9570885  -1666680.9570885  -1666680.9570885
 -1666680.9570885  -1666680.9570885  -1666680.9570885  -1666680.9570885
 -1666680.9570885  -1666680.9570885  -1666680.9570885  -1666680.9570885
 -1666680.9570885  -1666680.9570885  -1666680.9570885  -1666680.9570885
 -1666680.9570885  -1666680.9570885  -1666680.9570885  -1666680.9570885
 -1666680.9570885  -1666680.9570885  -1666680.9570885  -1666680.9570885
 -1666680.9570885  -1666680.9570885  -1666680.9570885  -1666680.9570885
 -1666680.9570885  -1666680.9570885  -1666680.9570885  -1666680.9570885
 -1666680.9570885  -1666680.9570885  -1666680.9570885  -1666680.9570885
 -1666680.9570885  -1666680.9570885  -1666680.9570885  -1666680.9570885
 -1666680.9570885  -1666680.9570885  -1666680.9570885  -1666680.9570885
 -1666680.9570885  -1666680.9570885  -1666680.9570885  -1666680.9570885
 -1666680.9570885  -1666680.9570885  -1666680.9570885  -1666680.9570885
 -1666680.9570885  -1666680.9570885  -1666680.9570885  -1666680.9570885
 -1666680.9570885  -1666680.9570885  -1666680.9570885  -1666680.9570885
 -1666680.9570885  -1666680.9570885  -1666680.9570885  -1666680.9570885
 -1666680.9570885  -1666680.9570885  -1666580.11664205 -1666580.11664205
 -1666580.11664205 -1666580.11664205 -1666580.11664205 -1666580.11664205
 -1666580.11664205]","[-1666680.9570885  -1666680.9570885  -1666680.9570885  -1666680.9570885
 -1666680.9570885  -1666680.9570885  -1666680.9570885  -1666680.9570885
 -1666680.9570885  -1666680.9570885  -1666680.9570885  -1666680.9570885
 -1666680.9570885  -1666680.9570885  -1666680.9570885  -1666680.9570885
 -1666680.9570885  -1666680.9570885  -1666680.9570885  -1666680.9570885
 -1666680.9570885  -1666680.9570885  -1666680.9570885  -1666680.9570885
 -1666680.9570885  -1666680.9570885  -1666680.9570885  -1666680.9570885
 -1666680.9570885  -1666680.9570885  -1666680.9570885  -1666680.9570885
 -1666680.9570885  -1666680.9570885  -1666680.9570885  -1666680.9570885
 -1666680.9570885  -1666680.9570885  -1666680.9570885  -1666680.9570885
 -1666680.9570885  -1666680.9570885  -1666680.9570885  -1666680.9570885
 -1666680.9570885  -1666680.9570885  -1666680.9570885  -1666680.9570885
 -1666680.9570885  -6850364.86486752 -6850364.86486752 -6850364.86486752
 -6850364.86486752 -6850364.86486752 -6850364.86486752 -6850364.86486752
 -6850364.86486752 -6850364.86486752 -6850364.86486752 -6850364.86486752
 -6850364.86486752 -6850364.86486752 -6850364.86486752 -6850364.86486752
 -6850364.86486752 -6850364.86486752 -6850364.86486752 -6850364.86486752
 -6850364.86486752 -6850364.86486752 -1666580.11664205 -1692527.56686186
 -5859043.7423028  -4253412.97606779 -2419288.78087443 -2631538.33581767
 -3750422.46138743]","[-2673.5380105  -2673.5380105  -2673.5380105  -2673.5380105
 -2673.5380105  -2673.5380105  -2673.5380105  -2673.5380105
 -2673.5380105  -2673.5380105  -2673.5380105  -2673.5380105
 -2673.5380105  -2673.5380105  -2673.5380105  -2673.5380105
 -2673.5380105  -2673.5380105  -2673.5380105  -2673.5380105
 -2673.5380105  -2673.5380105  -2673.5380105  -2673.5380105
 -2673.5380105  -2673.5380105  -2673.5380105  -2673.5380105
 -2673.5380105  -2673.5380105  -2673.5380105  -2673.5380105
 -2673.5380105  -2673.5380105  -2673.5380105  -2673.5380105
 -2673.5380105  -2673.5380105  -2673.5380105  -2673.5380105
 -2673.5380105  -2673.5380105  -2673.5380105  -2673.5380105
 -2673.5380105  -2673.5380105  -2673.5380105  -2673.5380105
 -2673.5380105   2063.64093248  2063.64093248  2063.64093248
  2063.64093248  2063.64093248  2063.64093248  2063.64093248
  2063.64093248  2063.64093248  2063.64093248  2063.64093248
  2063.64093248  2063.64093248  2063.64093248  2063.64093248
  2063.64093248  2063.64093248  2063.64093248  2063.64093248
  2063.64093248  2063.64093248 -2673.4493589  -2626.99593652
  1670.30905171  1019.4127721     45.46210844   223.97724649
   825.08917357]","[9.84366761e+03 9.84366761e+03 9.84366761e+03 9.84366761e+03
 9.84366761e+03 9.84366761e+03 9.84366761e+03 9.84366761e+03
 9.84366761e+03 9.84366761e+03 9.84366761e+03 9.84366761e+03
 9.84366761e+03 9.84366761e+03 9.84366761e+03 9.84366761e+03
 9.84366761e+03 9.84366761e+03 9.84366761e+03 9.84366761e+03
 9.84366761e+03 9.84366761e+03 9.84366761e+03 9.84366761e+03
 9.84366761e+03 9.84366761e+03 9.84366761e+03 9.84366761e+03
 9.84366761e+03 9.84366761e+03 9.84366761e+03 9.84366761e+03
 9.84366761e+03 9.84366761e+03 9.84366761e+03 9.84366761e+03
 9.84366761e+03 9.84366761e+03 9.84366761e+03 9.84366761e+03
 9.84366761e+03 9.84366761e+03 9.84366761e+03 9.84366761e+03
 9.84366761e+03 9.84366761e+03 9.84366761e+03 9.84366761e+03
 9.84366761e+03 0.00000000e+00 0.00000000e+00 0.00000000e+00
 0.00000000e+00 0.00000000e+00 0.00000000e+00 0.00000000e+00
 0.00000000e+00 0.00000000e+00 0.00000000e+00 0.00000000e+00
 0.00000000e+00 0.00000000e+00 0.00000000e+00 0.00000000e+00
 0.00000000e+00 0.00000000e+00 0.00000000e+00 0.00000000e+00
 0.00000000e+00 0.00000000e+00 9.84378052e+03 1.02305156e+04
 9.20798851e+01 7.84209799e-01 8.82246512e+02 7.31774416e-02
 1.74459010e-01]","[0.99995465 0.99995465 0.99995465 0.99995465 0.99995465 0.99995465
 0.99995465 0.99995465 0.99995465 0.99995465 0.99995465 0.99995465
 0.99995465 0.99995465 0.99995465 0.99995465 0.99995465 0.99995465
 0.99995465 0.99995465 0.99995465 0.99995465 0.99995465 0.99995465
 0.99995465 0.99995465 0.99995465 0.99995465 0.99995465 0.99995465
 0.99995465 0.99995465 0.99995465 0.99995465 0.99995465 0.99995465
 0.99995465 0.99995465 0.99995465 0.99995465 0.99995465 0.99995465
 0.99995465 0.99995465 0.99995465 0.99995465 0.99995465 0.99995465
 0.99995465 0.21470237 0.21470237 0.21470237 0.21470237 0.21470237
 0.21470237 0.21470237 0.21470237 0.21470237 0.21470237 0.21470237
 0.21470237 0.21470237 0.21470237 0.21470237 0.21470237 0.21470237
 0.21470237 0.21470237 0.21470237 0.21470237 0.9999545  0.99586879
 0.30042524 0.43310515 0.63596634 0.60255633 0.4790142 ]",-5929.935315096174,-1242.5809063036538,0.506833287925163,0.9907762164926116
gnn_act_emb,2,bau_250_3000,30,45.449293043258336,-1141188.9441047765,"[-1666680.9570885  -1666680.9570885  -1666680.9570885  -1666680.9570885
 -1666680.9570885  -1666680.9570885  -1666680.9570885  -1666680.9570885
 -1666680.9570885  -1666680.9570885  -1666680.9570885  -1666680.9570885
 -1666680.14466104 -1666676.47548938 -1631017.70284116 -1500584.17607465
 -1500584.17607465 -1500584.17607465 -1500584.17607465 -1500584.17607465
 -1500584.17607465 -1500584.17607465 -1500584.17607465 -1500584.17607465
 -1500584.17607465 -1500584.17607465 -1500584.17607465 -1500584.17607465
 -1500584.17607465 -1500584.17607465 -1500584.17607465 -1500584.17607465
 -1500584.17607465 -1500584.17607465 -1500584.17607465 -1500584.17607465
 -1500584.17607465 -1500584.17607465 -1500584.17607465 -1500584.17607465
 -1500584.17607465 -1500584.17607465 -1500584.17607465 -1266109.76230993
 -1266109.76230993 -1266109.76230993 -1266109.76230993 -1266109.76230993
 -1266109.76230993 -1266109.76230993 -1266109.76230993 -1266109.76230993
 -1266109.76230993 -1266109.76230993 -1266109.76230993 -1266109.76230993
 -1266109.76230993 -1266109.76230993 -1266109.76230993 -1266109.76230993
 -1266109.76230993 -1266109.76230993 -1266109.76230993 -1266109.76230993
 -1266109.76230993 -1266109.76230993 -1266109.76230993 -1266109.76230993
 -1266109.76230993 -1266109.76230993 -1266109.76230993 -1266109.76230993
 -1266109.76230993 -1141188.94410478 -1141188.94410478 -1141188.94410478
 -1141188.94410478 -1141188.94410478]","[-1666680.9570885  -1666680.9570885  -1666680.9570885  -1666680.9570885
 -1666680.9570885  -1666680.9570885  -1666680.9570885  -1666680.9570885
 -1666680.9570885  -1666680.9570885  -1666680.9570885  -1666680.9570885
 -1666680.14466104 -1666676.47548938 -1631017.70284116 -1500584.17607465
 -1609999.47142143 -1588270.46352909 -1615262.66550777 -1619345.89466025
 -1610915.16897435 -1605798.87771347 -1623184.84451223 -1616320.32644849
 -1609489.79752054 -2966010.95590836 -1815084.49126481 -2242902.34226587
 -1950491.37586157 -2123349.17435194 -2045152.69498024 -1687162.29911213
 -1733519.57720347 -1993241.34028053 -1702077.73949348 -1637488.14555971
 -2408470.13815807 -1724673.4905246  -2400323.39883246 -1543655.37946014
 -1510918.45043202 -2504219.45249168 -3400401.70987007 -1266109.76230993
 -1366010.37234677 -1530815.19836147 -1449187.76821502 -1450758.65517657
 -1478520.5648223  -1694948.90004557 -2073640.36824659 -2071240.03616589
 -1352605.25747475 -2589672.55855425 -1696861.85676313 -2632994.49498216
 -2564989.75487062 -1964710.36062105 -2616846.62419886 -1413246.43485195
 -3373507.67671854 -2395737.08343463 -2632377.82547991 -1797555.83575559
 -1924158.59574404 -1748906.75258082 -2825887.35296628 -3246131.21619861
 -2776619.06559324 -2905183.86659419 -2910061.41108982 -2330273.35952287
 -2862444.71932321 -1141188.94410478 -3073003.6470485  -2031448.73144913
 -1239096.40493728 -3177508.01405144]","[-2673.5380105  -2673.5380105  -2673.5380105  -2673.5380105
 -2673.5380105  -2673.5380105  -2673.5380105  -2673.5380105
 -2673.5380105  -2673.5380105  -2673.5380105  -2673.5380105
 -2673.53668547 -2673.53540973 -2644.22753739 -2439.37204881
 -2612.22267873 -2526.10449524 -2633.79263696 -2630.05476022
 -2627.10435083 -2573.51512316 -2522.20475537 -2558.97705825
 -2575.77863502 -1071.5901983  -2307.36420977 -1784.51138432
 -2187.21551466 -2000.55115685 -2093.43423596 -2545.75944114
 -2488.16281099 -2279.11753473 -2379.07893017 -2529.00477315
 -1346.05609842 -2355.20401139 -1167.34350472 -2532.50347886
 -2496.3147583  -1308.36590969  -420.7551309  -2589.15004351
 -2549.61518684 -2451.54918971 -2469.30607648 -2498.01938427
 -2212.92370719 -2014.2282896  -1488.61743174 -1763.98723875
 -2526.65747003 -1180.07725406 -2071.65780349  -957.89686013
 -1177.01393552 -1590.52096316 -1046.70986922 -2434.55295746
  -364.53698997 -1402.96295492 -1010.10560597 -1840.58258883
 -1634.57129788 -1849.2997171   -955.2958809   -462.59131096
  -861.94749911  -684.40599493  -718.04473435 -1261.84381813
  -648.41288646 -2539.06045446  -757.96496317 -1537.19328491
 -2528.0668345   -576.15782268]","[ 9843.66760918  9843.66760918  9843.66760918  9843.66760918
  9843.66760918  9843.66760918  9843.66760918  9843.66760918
  9843.66760918  9843.66760918  9843.66760918  9843.66760918
  9843.66882216  9843.637891    9739.12742964  8818.13274786
  9898.33034163 10156.30203054  9782.20807151  9841.9831142
  9771.09678204  9948.0085331  10184.45793077 10046.5817571
  9984.52549446 14748.0815063  10390.26019115 11686.66590922
 11031.12884727 11848.68336655 11635.32618444 10248.44156511
 10606.44265972 12259.98777386 10025.80762583  9777.04487287
 10532.5081094  10241.63979093 10159.76614088  8701.97511061
  8621.14295454 11030.85196642 14881.45682759  6035.38323246
  7076.0506698   7963.24302292  7250.79349179  7430.58441732
  6191.80597815  7194.14927936  7913.12117895  9301.45275527
  6548.36692565 10350.4051626   7045.2876134   9425.03984082
  9978.02530055  6738.98766778  9827.7516195   6543.49282134
 15594.27224309  9645.0380212  10280.15691874  7187.66477327
  7223.06824966  6849.04711564 10879.68187585 13315.60322848
 12173.07143494 11046.21202099 11823.97330075  9854.73527165
 10442.19130517  5148.7639993  12836.91937845  8631.50284184
  6555.86621863 14115.70537309]","[0.99995465 0.99995465 0.99995465 0.99995465 0.99995465 0.99995465
 0.99995465 0.99995465 0.99995465 0.99995465 0.99995465 0.99995465
 0.99995465 0.99995465 0.99935133 0.98433334 0.99911124 0.99337926
 0.99934539 0.99949641 0.99948635 0.99544916 0.9928499  0.99684889
 0.99859151 0.79718643 0.95933383 0.88802804 0.94394885 0.92020651
 0.93520091 0.99232088 0.98730434 0.96272873 0.97719576 0.9918921
 0.8290592  0.97560595 0.82698321 0.99240913 0.99165118 0.83187585
 0.73368389 0.99990045 0.996176   0.98339999 0.98561865 0.98897939
 0.95463699 0.93062791 0.86598488 0.89505909 0.99182426 0.80973219
 0.92751903 0.77861572 0.8069147  0.86360845 0.79307099 0.97779331
 0.74449643 0.83497021 0.79154029 0.90386646 0.87339661 0.90354751
 0.76738287 0.73287318 0.78651429 0.74842755 0.76154054 0.83812884
 0.74321557 0.9999101  0.75016093 0.87426491 0.99955081 0.74916626]",-5929.935315096174,-1242.5809063036538,0.506833287925163,0.9907762164926116
gnn_act_emb,2,bau_250_3000,20,45.97041266450055,-481833.6669783206,"[-1666680.9570885  -1666680.9570885  -1666680.9570885  -1666680.9570885
 -1666680.9570885  -1666680.9570885  -1666680.9570885  -1666680.9570885
 -1666680.9570885  -1666680.9570885  -1666680.9570885  -1666680.9570885
 -1666680.9570885  -1666680.9570885  -1666655.5516736  -1649085.51575195
 -1649085.51575195 -1649085.51575195 -1649085.51575195  -965203.45873417
  -965203.45873417  -965203.45873417  -965203.45873417  -965203.45873417
  -965203.45873417  -965203.45873417  -965203.45873417  -965203.45873417
  -965203.45873417  -965203.45873417  -965203.45873417  -965203.45873417
  -965203.45873417  -965203.45873417  -965203.45873417  -965203.45873417
  -965203.45873417  -965203.45873417  -965203.45873417  -936919.9523272
  -920447.80237364  -868332.4473659   -855754.26472049  -787372.82614005
  -630429.09313337  -630429.09313337  -630429.09313337  -481833.66697832
  -481833.66697832  -481833.66697832  -481833.66697832  -481833.66697832
  -481833.66697832  -481833.66697832  -481833.66697832  -481833.66697832
  -481833.66697832  -481833.66697832  -481833.66697832  -481833.66697832
  -481833.66697832  -481833.66697832  -481833.66697832  -481833.66697832
  -481833.66697832  -481833.66697832  -481833.66697832  -481833.66697832
  -481833.66697832  -481833.66697832  -481833.66697832  -481833.66697832
  -481833.66697832  -481833.66697832  -481833.66697832  -481833.66697832
  -481833.66697832  -481833.66697832  -481833.66697832]","[-1666680.9570885  -1666680.9570885  -1666680.9570885  -1666680.9570885
 -1666680.9570885  -1666680.9570885  -1666680.9570885  -1666680.9570885
 -1666680.9570885  -1666680.9570885  -1666680.9570885  -1666680.9570885
 -1666680.9570885  -1666680.9570885  -1666655.5516736  -1649085.51575195
 -7995277.78107762 -2687555.78705347 -1656541.19301578  -965203.45873417
 -1336215.5204572  -1324123.90504471 -1435236.64156713 -1631258.10691265
 -1538289.55676135 -1415243.99009922 -1412582.22443259 -1515803.25614458
 -1566530.09918119 -1592309.92208601 -1566074.13630637 -1553675.30716081
 -1508454.76907498 -1273740.94990372 -1348727.39083513 -1281216.87362723
 -1117709.63770316 -1100861.15806913 -1094710.03609334  -936919.9523272
  -920447.80237364  -868332.4473659   -855754.26472049  -787372.82614005
  -630429.09313337  -652989.03751776  -635545.5027147   -481833.66697832
  -552771.42480452  -754563.40277794  -644786.90188021  -581789.12488681
  -633908.74259647  -676573.96763535  -761598.65487835  -576915.66719052
  -680239.51036975  -825595.29744656  -673976.58111614  -690839.40339607
  -683134.39608071  -709719.2038014   -878813.11232049  -939259.67594583
  -839523.08131899  -906475.80701247  -816927.36539444  -928895.41240434
  -994191.87895644  -811843.84405685  -792113.60297374  -939853.93725561
  -804014.00194841  -890463.1314854   -841020.47006629  -847281.62376818
  -837974.69323773  -821531.98695152  -746840.46662425]","[-2673.5380105  -2673.5380105  -2673.5380105  -2673.5380105
 -2673.5380105  -2673.5380105  -2673.5380105  -2673.5380105
 -2673.5380105  -2673.5380105  -2673.5380105  -2673.5380105
 -2673.5380105  -2673.5380105  -2673.52308044 -2646.83484934
  -459.03932471 -2389.10204907 -2670.17245275 -2044.88657962
 -2495.31359002 -2351.84089552 -2291.5146905  -2264.42478428
 -2290.48843607 -2247.19014891 -2406.35314442 -2466.54868932
 -2570.21458113 -2581.1412186  -2605.66882525 -2547.82594065
 -2515.49023353 -2482.28354839 -2508.23378476 -2513.63260512
 -2493.41515785 -2424.66974164 -2459.91417467 -2380.52722993
 -2370.1955381  -2381.36732632 -2436.18601463 -2383.01775904
 -2312.15345757 -2296.82544529 -2287.7962899  -2142.75169875
 -2202.12253483 -2364.73215015 -2302.03755039 -2285.70462716
 -2315.92675928 -2339.3039633  -2303.90745588 -2175.39628095
 -2364.95720191 -2321.90412551 -2354.113585   -2373.78816933
 -2349.3094047  -2248.66341844 -2410.80495668 -2373.59910023
 -2283.62922045 -2303.9851811  -2361.04870513 -2394.47818892
 -2438.96007251 -2364.1013801  -2357.014046   -2426.9801959
 -2346.82696    -2393.93160963 -2349.01352546 -2361.88292951
 -2343.69912875 -2283.70458766 -2282.00736927]","[ 9843.66760918  9843.66760918  9843.66760918  9843.66760918
  9843.66760918  9843.66760918  9843.66760918  9843.66760918
  9843.66760918  9843.66760918  9843.66760918  9843.66760918
  9843.66760918  9843.66760918  9843.55619493  9752.40504443
 57732.50825813 19515.61967324  9761.63922543  4213.97592855
  7175.89458827  7071.63995669  8537.67090997  9957.79983628
  9184.31058685  8123.7838587   8127.22419488  9080.41344755
  9374.7907798   9578.89858827  9223.56814021  9347.1770002
  8931.38491701  6680.95997515  7369.9512729   6645.28805562
  5046.53690925  5131.49252867  5028.60109099  3616.37175637
  3507.03751176  2948.3451898   2462.91472166  1996.18355061
   991.01655096  1145.89338672  1178.26358405   385.4279774
   992.2860263   1878.41295728  1030.7391941    689.960941
  1043.15935277  1423.20644652  2604.76295482  1467.7407757
  1371.90368128  3039.56238481  1358.78929491  1321.81532627
  1358.13049816  2465.03573263  2805.75344064  3600.70476566
  3438.86164939  3896.06926031  2612.89790309  3348.25716375
  3983.26795964  2548.29854957  2327.18598108  3274.4268742
  2567.71213908  3011.82570956  2786.13850521  2945.49134139
  2667.81820949  3275.57290664  2553.91938415]","[0.99995465 0.99995465 0.99995465 0.99995465 0.99995465 0.99995465
 0.99995465 0.99995465 0.99995465 0.99995465 0.99995465 0.99995465
 0.99995465 0.99995465 0.99995465 0.99824178 0.69019695 0.97209046
 0.99989543 0.96837705 0.98983403 0.97489564 0.96838532 0.95851068
 0.96351656 0.96183702 0.97877543 0.98351959 0.99282359 0.99304522
 0.99616472 0.99212169 0.98943719 0.99131923 0.99243995 0.99409537
 0.99544308 0.9912963  0.9931122  0.99107675 0.99039641 0.99198799
 0.9961705  0.99417755 0.99217273 0.98848468 0.9907401  0.98598561
 0.99055004 0.99479918 0.99284561 0.99375208 0.99452411 0.99546093
 0.99267174 0.99185783 0.99680751 0.99623183 0.9977734  0.99780772
 0.99733293 0.9962034  0.99804353 0.99736857 0.99706582 0.9969861
 0.9976649  0.99836911 0.99857646 0.99820963 0.99844086 0.99915368
 0.99837291 0.99897994 0.99813347 0.99900845 0.99809019 0.99817064
 0.99850395]",-5929.935315096174,-1242.5809063036538,0.506833287925163,0.9907762164926116
gnn_act_emb,2,bau_250_3000,10,45.525206700530276,-423359.15430115716,"[-1666644.33622817 -1666644.33622817 -1666644.33622817 -1666644.33622817
 -1666644.33622817 -1666644.33622817 -1666644.33622817 -1666644.33622817
 -1666644.33622817 -1666644.33622817 -1666644.33622817 -1666644.33622817
 -1666644.33622817 -1061595.92736079  -956176.0095365   -956176.0095365
  -899765.6417525   -872735.18300744  -778124.70621789  -748887.59544805
  -748887.59544805  -646643.85182176  -646643.85182176  -646643.85182176
  -646643.85182176  -646643.85182176  -646643.85182176  -646643.85182176
  -646643.85182176  -646643.85182176  -646643.85182176  -646643.85182176
  -646643.85182176  -646643.85182176  -646643.85182176  -646643.85182176
  -646643.85182176  -646643.85182176  -646643.85182176  -646643.85182176
  -646643.85182176  -646643.85182176  -646643.85182176  -646643.85182176
  -646643.85182176  -646643.85182176  -423359.15430116  -423359.15430116
  -423359.15430116  -423359.15430116  -423359.15430116  -423359.15430116
  -423359.15430116  -423359.15430116  -423359.15430116  -423359.15430116
  -423359.15430116  -423359.15430116  -423359.15430116  -423359.15430116
  -423359.15430116  -423359.15430116  -423359.15430116  -423359.15430116
  -423359.15430116  -423359.15430116  -423359.15430116  -423359.15430116
  -423359.15430116  -423359.15430116  -423359.15430116  -423359.15430116
  -423359.15430116  -423359.15430116  -423359.15430116  -423359.15430116
  -423359.15430116]","[-1666644.33622817 -1666680.9570885  -1666680.9570885  -1666680.9570885
 -1666680.9570885  -1666680.9570885  -1666680.9570885  -1666680.9570885
 -1666680.9570885  -1666680.9570885  -1666680.9570885  -1666679.42742463
 -1666699.13845031 -1061595.92736079  -956176.0095365  -1107356.77127566
  -899765.6417525   -872735.18300744  -778124.70621789  -748887.59544805
  -761611.57721084  -646643.85182176  -821786.49830333  -878909.55666251
  -809954.80133403 -1105372.66707003 -1129241.20097441 -1716330.70386559
 -1106780.33608853 -1002173.9148576  -1379804.59669417 -1262222.72553805
  -980468.84379116  -962710.00742999  -988018.64480956  -851793.42837086
  -844493.93492174  -874858.94611479  -830680.69081732  -921420.51797492
  -889755.27606969  -792979.31802431  -840977.8955094   -810397.8356204
  -816331.08913873  -832058.98349266  -423359.15430116  -848745.9084598
  -862651.00470763  -670050.15280771  -927609.87923943  -870063.69003275
  -877109.31370663  -887138.73503228  -920170.6929392   -707762.16520973
 -1113931.47770156  -849473.94598299  -852092.71465581  -911428.67628422
  -757073.059145    -747347.00179174  -589849.34988551  -793862.53027713
  -928095.50480355  -789322.48024638  -995484.18092313 -1117052.17858036
  -652777.96605913  -636438.2991849   -634765.81592107  -928013.20373229
 -1090177.79912796 -1235443.77200971 -1267485.69224551  -833912.08285899
 -1186601.62855753]","[-2673.49655017 -2673.5380105  -2673.5380105  -2673.5380105
 -2673.5380105  -2673.5380105  -2673.5380105  -2673.5380105
 -2673.5380105  -2673.5380105  -2673.5380105  -2673.53600662
 -2673.50315324 -2474.50474523 -2410.22709677 -1935.44095763
 -1936.88189803 -1840.76193728 -2221.14262777 -2005.49238062
 -2084.81830757 -2146.79691417 -2303.56396236 -2389.95624697
 -2344.83922872 -2280.58164768 -2370.36973042 -2425.94463115
 -2500.15488413 -2503.24128116 -2449.33922196 -2351.14496261
 -2522.92930026 -2495.04766395 -2525.48356935 -2483.20737236
 -2474.01930466 -2485.39473784 -2463.08577307 -2500.23927047
 -2501.46583562 -2446.27528442 -2477.29428328 -2434.23783257
 -2443.2457066  -2451.94316529 -2183.42878886 -2439.29029444
 -2444.67207435 -2352.07264785 -2472.58470132 -2473.51148042
 -2429.85253048 -2444.00281341 -2471.36494286 -2243.94037407
 -2505.56470447 -2325.47487398 -2363.76147991 -2411.93338012
 -1972.29493516 -1857.8181005  -2053.38921072 -2327.42500129
 -2462.56282511 -2299.37197917 -2326.0438235  -2473.66172607
 -1851.69432082 -2084.24752868 -1993.89758227 -2233.86884082
 -2530.40707085 -2504.90449479 -2568.99630024 -2160.50825436
 -2524.39459949]","[ 9843.66760918  9843.66760918  9843.66760918  9843.66760918
  9843.66760918  9843.66760918  9843.66760918  9843.66760918
  9843.66760918  9843.66760918  9843.66760918  9843.66760918
  9843.96050197  4189.42993736  3338.5987314   5205.49347018
  3043.15723374  3058.8476125   3047.5970483   3018.74003507
  3351.03526063  2138.47466228  2823.96820001  3095.77614676
  2901.19326045  4626.34843382  6094.09604044 11206.98913934
  4923.99046284  3807.92287176  7902.22831892  7427.38287075
  3393.96892651  3629.13887126  3533.1164874   2533.31461238
  2484.33336537  2493.91530817  2315.85148324  2864.40581984
  2545.39300954  2066.5730024   2143.86017486  2208.38020068
  2078.41687272  2031.61183287   908.64329992  2291.70557585
  2543.78184673  1610.7494234   2813.83971238  2398.93684552
  2737.09680916  2601.00229379  2895.25231756  1534.43181956
  4961.15753557  2663.87504589  2879.89287396  3330.39969464
  2202.1871127   1999.52734611  1061.14968655  2548.21191396
  3292.20384638  2564.38805947  4420.5386642   5167.08310094
  1700.16936878  1878.88567136  2230.13210039  4617.49967191
  4551.11078017  6656.87457375  6265.31112145  4624.99044025
  5807.34702358]","[0.99995465 0.99995465 0.99995465 0.99995465 0.99995465 0.99995465
 0.99995465 0.99995465 0.99995465 0.99995465 0.99995465 0.99995465
 0.99995465 0.99766378 0.99438849 0.94395311 0.94186136 0.93589908
 0.98424388 0.9655248  0.97435519 0.98041168 0.98556474 0.99200167
 0.99250839 0.9766591  0.99487772 0.99043239 0.99812876 0.99856321
 0.99508724 0.99395993 0.999048   0.99929549 0.99931176 0.99939551
 0.99949674 0.99924674 0.99947694 0.99955133 0.99941701 0.9991366
 0.99928739 0.99915849 0.99921997 0.99908472 0.99819243 0.99927064
 0.99924695 0.99704683 0.99921554 0.99923381 0.99918264 0.998977
 0.99949345 0.98795014 0.99929585 0.99274493 0.994139   0.99658768
 0.95754534 0.94569383 0.97030554 0.9919913  0.99841086 0.9908579
 0.98702747 0.99644976 0.94951844 0.97425411 0.96847801 0.98579667
 0.99917659 0.99945511 0.9998011  0.98742111 0.99925222]",-5929.935315096174,-1242.5809063036538,0.506833287925163,0.9907762164926116
gnn_act_emb,2,optimal_250_3000,30,45.91027664147083,-87082.01688888461,"[-1666801.99544391 -1666801.99544391 -1666801.99544391 -1666801.99544391
 -1666801.99544391 -1666801.99544391 -1655448.32216025 -1655448.32216025
 -1445717.82542812 -1445717.82542812 -1222028.56999049 -1008436.71017792
 -1008436.71017792 -1008436.71017792 -1008436.71017792 -1008436.71017792
  -680055.7544721   -680055.7544721   -645207.22691086  -645207.22691086
  -373783.94973616  -373783.94973616  -132726.29643719  -132726.29643719
  -132726.29643719  -132726.29643719  -132726.29643719  -132726.29643719
  -132726.29643719  -132726.29643719  -107254.57038994  -107254.57038994
  -107254.57038994  -107254.57038994  -107254.57038994  -107254.57038994
  -107254.57038994  -107254.57038994  -107254.57038994  -106232.22493023
  -106232.22493023  -106232.22493023  -106232.22493023  -106232.22493023
  -106232.22493023  -106232.22493023  -106232.22493023  -106232.22493023
  -106232.22493023   -88587.50541594   -88587.50541594   -88587.50541594
   -88587.50541594   -88587.50541594   -88587.50541594   -88587.50541594
   -88587.50541594   -88587.50541594   -88587.50541594   -88587.50541594
   -88587.50541594   -88587.50541594   -87082.01688888   -87082.01688888
   -87082.01688888   -87082.01688888   -87082.01688888   -87082.01688888
   -87082.01688888   -87082.01688888   -87082.01688888   -87082.01688888
   -87082.01688888   -87082.01688888   -87082.01688888   -87082.01688888
   -87082.01688888   -87082.01688888   -87082.01688888]","[-1666801.99544391 -3552222.04753671 -3251182.50237348 -1841466.64906903
 -2516349.14267513 -1929464.14154974 -1655448.32216025 -2127884.37701724
 -1445717.82542812 -2651353.71441072 -1222028.56999049 -1008436.71017792
 -1753749.144674   -2086746.09751288 -1226401.14019561 -1313905.47244273
  -680055.7544721   -705229.20983034  -645207.22691086  -671442.38643261
  -373783.94973616 -1125086.00596843  -132726.29643719 -1308287.27204581
 -1551698.87520622 -1465733.43911398  -549858.24252742 -1378470.34829817
  -393712.18172108  -238956.62925611  -107254.57038994  -559402.54412102
  -236832.17559164  -318950.14484781  -142436.69305592  -186787.07443358
  -220655.3613769   -212132.75430361  -176609.15360986  -106232.22493023
  -280499.19834178  -687578.13046342  -194519.90099648  -985785.87714455
  -336444.50880946  -165887.56056793  -186945.36820374  -287776.85546707
  -140222.60505623   -88587.50541594  -124736.72778325  -654532.01156141
  -120797.99134122  -471360.87999101  -147050.83432052  -160430.8063003
  -141297.99268147  -226512.85985168  -564860.47406364  -285354.80111798
  -113166.65654103  -207837.78805478   -87082.01688888  -241201.99933789
  -105946.32277274  -136247.03718889  -599762.70696426  -134381.74441021
  -187864.95951501  -219617.74155798  -236184.85388187  -240553.2979145
  -519246.55836895  -306933.58967135  -182049.23387037  -184529.49248517
  -389091.44652234  -181477.57051912  -322506.21922388]","[-2673.46827243 -1583.40057574 -1224.32490903 -2625.23824275
 -1907.1440482  -1388.44439801 -1541.91586349  -915.14838599
 -1568.41188207 -1512.56191031  -303.22318016  -262.3839531
  -995.96476526  -816.75645967  -967.6577415   -554.65665032
 -1081.32432698 -1184.62236021  -873.30311803 -1070.02502403
 -1008.29431115  -994.71837146 -1203.51470132  -896.26959263
 -1131.22569468  -972.08057851 -1091.94538978 -1024.35610202
 -1104.48680917 -1218.49638594 -1298.38285574 -1216.57499702
 -1135.75259355 -1166.13997126 -1188.96509961 -1118.68372701
 -1276.76722642 -1333.29559823 -1396.33239359 -1197.87753959
 -1293.13508083  -970.93606735 -1233.6456588  -1079.13898321
 -1138.78739581 -1245.97419863 -1315.83349567 -1167.95397919
 -1383.28571767 -1322.44185419 -1360.91133934 -1025.87569676
 -1294.63747444 -1266.0397609  -1350.81229455 -1190.33558993
 -1305.26578194 -1276.20095046 -1175.73265794 -1178.33619
 -1315.92137128 -1108.34725156 -1264.63875974 -1222.77135139
 -1248.06326017 -1190.766717   -1250.22052816 -1314.4593869
 -1264.05104381 -1312.39595133 -1350.39787306 -1352.81445009
 -1337.47497232 -1357.71216417 -1368.74395809 -1379.80278572
 -1416.63274897 -1333.00405074 -1312.31193573]","[ 9844.96914451 27614.90168541 18332.59465384 11853.65789586
 18767.09893407 11374.15348412 10128.41405057 10408.04055251
  7885.78787766 21314.080621    2564.5453121    506.59878805
 12680.08320249 14686.80863313  7845.11432194  7556.01704272
  4648.25055245  5245.9001401   3854.21317433  4877.80012349
  2185.43846925  8792.55596637   365.19191116  9945.92249393
 12964.71334352 11811.52654155  4336.91028178 10366.03145476
  2932.50206812  1840.6846333    588.07017794  4666.63488244
  1718.45399858  2492.26025897   902.59506096  1209.34954987
  1679.1347205   1667.05213845  1362.01056696   707.49807811
  2441.34976621  2245.57480716  1403.17920038  6488.81146201
  1011.70209274  1088.73363449  1446.02538068  1637.37727648
  1032.45053919   648.22630642   887.25911344  3846.45034245
   895.30048767  3871.9695999   1028.49401866  1156.9225649
  1080.1820952   1796.30493101  3743.27793846  1887.16410168
   806.9719531   1374.42210023   628.96459569  1884.45985326
   806.22551333   938.14531632  3989.87843456  1061.28941483
  1398.25663991  1918.32053767  1928.29165589  2056.69690044
  4308.63987957  2773.37015647  1601.22501412  1689.17986999
  3299.39332553  1672.95015988  2928.21708288]","[0.99995247 0.92533772 0.81835889 0.99875462 0.96157479 0.88538512
 0.91144263 0.81921283 0.91807787 0.94167478 0.77236584 0.75428018
 0.8914356  0.87062801 0.9069989  0.84286836 0.92275641 0.93858147
 0.88986392 0.92443528 0.91771797 0.91023524 0.94938075 0.8880128
 0.9309699  0.91406156 0.93437425 0.90993181 0.93961679 0.96416996
 0.97062802 0.95696149 0.95860836 0.95452611 0.96213977 0.94804047
 0.97257865 0.98255237 0.98672109 0.97055571 0.97885858 0.90344854
 0.96876889 0.92005195 0.94802425 0.9717825  0.98508181 0.95386628
 0.99117939 0.98805477 0.98824373 0.92517371 0.9828709  0.96927575
 0.9846767  0.96889335 0.9861547  0.97897604 0.95385094 0.96254094
 0.98439305 0.95525314 0.98376065 0.97342168 0.97980868 0.97030234
 0.95938316 0.98627615 0.98263859 0.98906205 0.99133449 0.99286544
 0.98614023 0.99497897 0.99592743 0.99714942 0.99508448 0.99453142
 0.99203048]",-5929.935315096174,-1242.5809063036538,0.506833287925163,0.9907762164926116
gnn_act_emb,2,optimal_250_3000,20,45.442492894419445,-272908.2909143658,"[-1666680.9570885  -1666680.9570885  -1666680.9570885  -1666680.9570885
 -1666680.9570885  -1666680.9570885  -1666680.9570885  -1666680.9570885
 -1666680.9570885  -1666680.9570885  -1666680.9570885  -1666680.9570885
 -1666680.9570885  -1666680.9570885  -1666680.9570885  -1666680.9570885
 -1666680.9570885  -1666680.9570885  -1666680.9570885  -1666680.9570885
 -1666680.9570885  -1666680.9570885  -1666680.9570885  -1666680.9570885
 -1666680.9570885  -1666680.9570885  -1666680.9570885  -1666680.9570885
 -1666680.9570885  -1666680.9570885  -1666680.9570885  -1666680.9570885
 -1666680.9570885  -1666680.9570885  -1666680.9570885  -1666680.9570885
 -1666680.9570885  -1666680.9570885  -1666680.9570885  -1666680.9570885
 -1666680.9570885  -1666680.9570885  -1666680.9570885  -1666680.9570885
 -1666680.9570885  -1666680.9570885  -1666680.9570885  -1666680.9570885
 -1666680.9570885  -1666680.9570885  -1666680.9570885  -1666680.9570885
 -1666680.9570885  -1666680.9570885  -1666680.9570885  -1666680.9570885
 -1666680.9570885  -1666675.34685213 -1656999.85010609 -1645619.42011878
  -680953.37576419  -680953.37576419  -680953.37576419  -680953.37576419
  -680953.37576419  -632108.45986688  -452840.5428835   -447816.60962654
  -447816.60962654  -390353.38430749  -390353.38430749  -317873.11424047
  -299486.60211282  -292086.96321452  -292086.96321452  -292086.96321452
  -272908.29091437  -272908.29091437]","[-1666680.9570885  -1666680.9570885  -1666680.9570885  -1666680.9570885
 -1666680.9570885  -1666680.9570885  -1666680.9570885  -1666680.9570885
 -1666680.9570885  -1666680.9570885  -1666680.9570885  -1666680.9570885
 -1666680.9570885  -1666680.9570885  -1666680.9570885  -1666680.9570885
 -1666680.9570885  -6850364.86486752 -1666680.9570885  -1666680.9570885
 -1666680.9570885  -1666680.9570885  -1666680.9570885  -1666680.9570885
 -1666680.9570885  -1666680.9570885  -1666680.9570885  -1666680.9570885
 -1666680.9570885  -1666680.9570885  -1666680.9570885  -1666680.9570885
 -1666680.9570885  -1666680.9570885  -1666680.9570885  -1666680.9570885
 -1666680.9570885  -1666680.9570885  -1666680.9570885  -1666680.9570885
 -1666680.9570885  -1666680.9570885  -1666680.9570885  -1666680.9570885
 -1666680.9570885  -1666680.9570885  -1666680.9570885  -1666680.9570885
 -1666680.9570885  -1666680.9570885  -1666680.9570885  -1666680.9570885
 -1666680.9570885  -1666680.9570885  -1666680.9570885  -1666680.9570885
 -1666681.12226087 -1666675.34685213 -1656999.85010609 -1645619.42011878
  -680953.37576419 -1234569.6279203   -946922.63334793 -1908513.6695737
  -891492.59797805  -632108.45986688  -452840.5428835   -447816.60962654
  -456549.0799117   -390353.38430749  -413847.24946276  -317873.11424047
  -299486.60211282  -292086.96321452  -428291.96177152  -296822.66080991
  -272908.29091437  -294597.47950645]","[-2673.5380105  -2673.5380105  -2673.5380105  -2673.5380105
 -2673.5380105  -2673.5380105  -2673.5380105  -2673.5380105
 -2673.5380105  -2673.5380105  -2673.5380105  -2673.5380105
 -2673.5380105  -2673.5380105  -2673.5380105  -2673.5380105
 -2673.5380105   2063.64093248 -2673.5380105  -2673.5380105
 -2673.5380105  -2673.5380105  -2673.5380105  -2673.5380105
 -2673.5380105  -2673.5380105  -2673.5380105  -2673.5380105
 -2673.5380105  -2673.5380105  -2673.5380105  -2673.5380105
 -2673.5380105  -2673.5380105  -2673.5380105  -2673.5380105
 -2673.5380105  -2673.5380105  -2673.5380105  -2673.5380105
 -2673.5380105  -2673.5380105  -2673.5380105  -2673.5380105
 -2673.5380105  -2673.5380105  -2673.5380105  -2673.5380105
 -2673.5380105  -2673.5380105  -2673.5380105  -2673.5380105
 -2673.5380105  -2673.5380105  -2673.5380105  -2673.5380105
 -2673.5380762  -2673.50325083 -2640.5371833  -2652.8622261
 -1565.22474221  -651.75785787 -2040.22598745 -1483.13962006
 -1299.58595539 -1280.32899955 -1045.03767372 -1140.72811231
  -970.27312037 -1551.86557462  -947.89861988 -1237.19166647
 -1431.53679417 -1188.05415303 -1473.34173038 -1250.85425613
 -1350.41812257 -1433.1321652 ]","[9843.66760918 9843.66760918 9843.66760918 9843.66760918 9843.66760918
 9843.66760918 9843.66760918 9843.66760918 9843.66760918 9843.66760918
 9843.66760918 9843.66760918 9843.66760918 9843.66760918 9843.66760918
 9843.66760918 9843.66760918    0.         9843.66760918 9843.66760918
 9843.66760918 9843.66760918 9843.66760918 9843.66760918 9843.66760918
 9843.66760918 9843.66760918 9843.66760918 9843.66760918 9843.66760918
 9843.66760918 9843.66760918 9843.66760918 9843.66760918 9843.66760918
 9843.66760918 9843.66760918 9843.66760918 9843.66760918 9843.66760918
 9843.66760918 9843.66760918 9843.66760918 9843.66760918 9843.66760918
 9843.66760918 9843.66760918 9843.66760918 9843.66760918 9843.66760918
 9843.66760918 9843.66760918 9843.66760918 9843.66760918 9843.66760918
 9843.66760918 9843.66926025 9843.71160341 9555.21030783 9606.57624253
  356.60150322 1135.38072182 3154.5550366  8228.29266794 4354.67876783
  549.17948627  489.3688833  1284.71687934  696.33108971 1178.81943953
  295.22367243  849.32957494 1035.56176039  772.65738761 2181.87436361
 1088.00727394 1199.39114172 1423.56862261]","[0.99995465 0.99995465 0.99995465 0.99995465 0.99995465 0.99995465
 0.99995465 0.99995465 0.99995465 0.99995465 0.99995465 0.99995465
 0.99995465 0.99995465 0.99995465 0.99995465 0.99995465 0.21470237
 0.99995465 0.99995465 0.99995465 0.99995465 0.99995465 0.99995465
 0.99995465 0.99995465 0.99995465 0.99995465 0.99995465 0.99995465
 0.99995465 0.99995465 0.99995465 0.99995465 0.99995465 0.99995465
 0.99995465 0.99995465 0.99995465 0.99995465 0.99995465 0.99995465
 0.99995465 0.99995465 0.99995465 0.99995465 0.99995465 0.99995465
 0.99995465 0.99995465 0.99995465 0.99995465 0.99995465 0.99995465
 0.99995465 0.99995465 0.99995465 0.99995465 0.99556581 0.99777007
 0.91320156 0.79560899 0.96925141 0.87444995 0.90665145 0.90119833
 0.88453884 0.90653615 0.87426576 0.95654556 0.87480097 0.92766844
 0.95568833 0.92765554 0.95968111 0.9383214  0.95363805 0.96390653]",-5929.935315096174,-1242.5809063036538,0.506833287925163,0.9907762164926116
gnn_act_emb,2,optimal_250_3000,10,45.635403177740834,-51818.62945404649,"[-5028190.83654191 -5028190.83654191 -4355574.54559615 -4310028.17612911
 -4310028.17612911 -2612148.20624524 -2612148.20624524 -2612148.20624524
 -2612148.20624524 -2612148.20624524 -2612148.20624524 -2612148.20624524
 -2612148.20624524 -2612148.20624524 -2612148.20624524 -2612148.20624524
 -2054283.39753883 -1063159.21520857 -1063159.21520857  -655294.03140359
  -655294.03140359  -655294.03140359  -655294.03140359  -655294.03140359
  -383050.2455482   -383050.2455482   -212793.74225617  -212793.74225617
  -212793.74225617   -99002.2048058    -99002.2048058    -99002.2048058
   -99002.2048058    -99002.2048058    -99002.2048058    -93848.95134208
   -93848.95134208   -93848.95134208   -93848.95134208   -93848.95134208
   -93848.95134208   -93848.95134208   -93848.95134208   -93483.76482998
   -93483.76482998   -93483.76482998   -93483.76482998   -93483.76482998
   -93483.76482998   -91565.68283514   -51818.62945405   -51818.62945405
   -51818.62945405   -51818.62945405   -51818.62945405   -51818.62945405
   -51818.62945405   -51818.62945405   -51818.62945405   -51818.62945405
   -51818.62945405   -51818.62945405   -51818.62945405   -51818.62945405
   -51818.62945405   -51818.62945405   -51818.62945405   -51818.62945405
   -51818.62945405   -51818.62945405   -51818.62945405   -51818.62945405
   -51818.62945405   -51818.62945405   -51818.62945405   -51818.62945405
   -51818.62945405   -51818.62945405]","[-5028190.83654191 -5449021.7781461  -4355574.54559615 -4310028.17612911
 -4783769.57359251 -2612148.20624524 -4158833.50590972 -4347311.86898506
 -3197084.93569573 -3544974.40369605 -3769028.78203223 -4703577.74406961
 -3317502.97254745 -2918597.00761613 -2642758.3485683  -3589604.96129144
 -2054283.39753883 -1063159.21520857 -2180556.6752484   -655294.03140359
 -2063953.50568835 -2376459.63222662 -1988236.25621999 -1771682.28083775
  -383050.2455482   -671694.37243219  -212793.74225617  -255365.74666161
  -718783.5500548    -99002.2048058   -112921.21379881  -231780.90819869
  -107513.82639614  -115190.61689413  -130514.57191822   -93848.95134208
  -109919.48095075  -127569.02292812  -111847.93462879  -119773.1344936
  -168298.0912226   -246449.92504058  -108578.65594693   -93483.76482998
  -194175.62674476  -165660.22680872  -107247.44299655  -103100.01838035
  -102780.98250969   -91565.68283514   -51818.62945405   -57031.26684492
   -74812.7403015    -91895.67393847   -99533.61277753  -113825.13883097
  -171406.56834193  -127141.27760245  -115347.29714932   -80817.57287705
   -93734.40736884  -158794.64627946   -98309.62412143   -81854.99600608
  -191087.30499694  -220546.42483424   -92005.24483691   -52502.90901957
  -174761.76925769   -70351.08589609   -86336.85436012   -73699.92405954
   -88323.6962387    -94076.29680148   -75064.72519398  -144805.48004085
   -96749.48768547   -78355.91424261]","[-1010.91595029   156.01727714  -583.47612899  -590.66689086
  -122.39290894  -862.06394924   386.64431111   795.39712222
   373.43550718   196.27202817   693.42241695  1075.43221489
   498.30940535   276.46176681  -415.75293126  1015.40620076
  -146.1667633   -597.74615526  -387.92247206  -903.12152596
  -309.1665886   -169.45607192  -428.36713342  -416.12818086
  -927.10799303  -848.98657806 -1254.66698127 -1098.57038749
  -991.16064411 -1287.34559567 -1185.55527439 -1178.19324178
 -1181.60779909 -1121.09232391 -1383.3009576  -1106.32984746
 -1190.16823998 -1276.55548194 -1216.91639425 -1156.06409176
 -1197.89246502 -1319.95750974 -1340.329743   -1190.02749437
 -1350.58101001 -1196.443104   -1186.87036899 -1367.33458913
 -1207.69113856 -1232.34962022 -1266.65536432 -1169.26780422
 -1330.18474371 -1272.73499116 -1246.19680911 -1369.90325173
 -1417.98360486 -1245.0215587  -1221.71202895 -1227.83613594
 -1320.87326368 -1200.936136   -1452.67341421 -1356.29254809
 -1306.21870281 -1449.75453643 -1350.59144961 -1393.22075968
 -1510.6874487  -1281.58675696 -1267.23937971 -1297.19306329
 -1228.48894074 -1407.89777996 -1407.29644565 -1261.62306213
 -1283.84670155 -1273.11514625]","[34455.43073432 18316.09181163 17801.41710307 17820.02895858
 18323.32731164 12851.63010196  9721.24594821  2084.56852027
   438.20361323  9968.73321984  3843.20989709  5034.84531104
  2968.63633113  5777.95566903  6078.38978997   135.26911212
  4229.12456756  1781.12023113  9635.81611756  3050.06621898
  9453.8093462   9330.52177475 11344.22368827  7621.17457577
  1800.74101855  3708.35146534  1417.92722895  1786.82196134
  4991.65402471   537.9322463    629.76756424  1858.49296877
   557.12665637   564.1555681    991.46734441   281.40246435
   786.19504411   997.33390586   908.89301515   911.78018262
  1368.91643858  2238.30408951   898.31487484   607.52462316
  1723.26733495  1259.80179025   830.22789748   846.17484251
   767.84448931   739.61279415   362.0429017    343.87130261
   542.94964218   748.31836447   840.78468628   942.20053159
  1464.65076417  1054.87979804   992.1799254    632.96746981
   807.83257865   929.86792623   787.43801207   664.63394578
  1699.30956594  1941.03970798   784.50772787   341.9846012
  1431.23204469   578.76561879   724.9486368    628.69183456
   725.23823978   743.33404382   530.28325128  1295.79601639
   877.81653944   646.13869296]","[0.78415154 0.56872701 0.68512209 0.68436567 0.62006084 0.80916333
 0.54669188 0.4556231  0.54502989 0.62528226 0.51466231 0.4468107
 0.5527815  0.62416438 0.69903033 0.47111487 0.71794128 0.79629301
 0.73799415 0.87591133 0.75096198 0.70916445 0.78343775 0.76979574
 0.90198236 0.88254261 0.96440012 0.94808705 0.91314727 0.96802771
 0.95580608 0.96385242 0.95823637 0.94842146 0.98667935 0.94176024
 0.96737324 0.97883827 0.97829323 0.96588786 0.96982735 0.98060037
 0.98696354 0.96420176 0.98147414 0.96104553 0.97119445 0.99417173
 0.97323088 0.97944336 0.98515212 0.96822111 0.98954713 0.98227254
 0.98436629 0.99600261 0.99721618 0.97627534 0.98352518 0.9790804
 0.98996373 0.96201374 0.99730517 0.9935047  0.98127734 0.99706764
 0.99481221 0.99694002 0.99839699 0.98438539 0.98058767 0.99315528
 0.97908705 0.99360883 0.99673578 0.98099107 0.99044103 0.98486264]",-5929.935315096174,-1242.5809063036538,0.506833287925163,0.9907762164926116
gnn_act_emb,2,random_250_3000,30,45.41558242832861,-1334951.5505948577,"[-8952139.65758757 -6831472.81978797 -5013611.55789104 -3568944.53613813
 -2112518.92387747 -1478122.30896094 -1478122.30896094 -1406148.58366174
 -1334951.55059486 -1334951.55059486 -1334951.55059486 -1334951.55059486
 -1334951.55059486 -1334951.55059486 -1334951.55059486 -1334951.55059486
 -1334951.55059486 -1334951.55059486 -1334951.55059486 -1334951.55059486
 -1334951.55059486 -1334951.55059486 -1334951.55059486 -1334951.55059486
 -1334951.55059486 -1334951.55059486 -1334951.55059486 -1334951.55059486
 -1334951.55059486 -1334951.55059486 -1334951.55059486 -1334951.55059486
 -1334951.55059486 -1334951.55059486 -1334951.55059486 -1334951.55059486
 -1334951.55059486 -1334951.55059486 -1334951.55059486 -1334951.55059486
 -1334951.55059486 -1334951.55059486 -1334951.55059486 -1334951.55059486
 -1334951.55059486 -1334951.55059486 -1334951.55059486 -1334951.55059486
 -1334951.55059486 -1334951.55059486 -1334951.55059486 -1334951.55059486
 -1334951.55059486 -1334951.55059486 -1334951.55059486 -1334951.55059486
 -1334951.55059486 -1334951.55059486 -1334951.55059486 -1334951.55059486
 -1334951.55059486 -1334951.55059486 -1334951.55059486 -1334951.55059486
 -1334951.55059486 -1334951.55059486 -1334951.55059486 -1334951.55059486
 -1334951.55059486 -1334951.55059486 -1334951.55059486 -1334951.55059486
 -1334951.55059486 -1334951.55059486 -1334951.55059486 -1334951.55059486
 -1334951.55059486 -1334951.55059486]","[-8952139.65758757 -6831472.81978797 -5013611.55789104 -3568944.53613813
 -2112518.92387747 -1478122.30896094 -1512182.03920366 -1406148.58366174
 -1334951.55059486 -1713879.87238599 -2549474.48392329 -3441911.00251757
 -3683789.69540553 -1870370.25945802 -2483988.73328699 -1607214.420765
 -2794902.27155755 -2278073.4823775  -1871383.50947644 -2343314.71887054
 -2278600.31639389 -2265009.32430329 -2197436.88628372 -2272000.29066794
 -2279036.21451073 -2294699.51196605 -2257838.05010915 -2249830.19798823
 -2264042.80373889 -2279584.19453177 -2222719.99490461 -2267602.34575282
 -2292411.90032336 -2226012.91618462 -2246359.44533266 -2248799.66412998
 -2217682.45892517 -2230136.26282427 -2131134.4499363  -2185788.45229861
 -2164880.06344463 -2327674.55984004 -2161186.54163682 -2298151.39046067
 -2215470.54969575 -2228417.47160808 -2177927.533049   -2276976.12480707
 -2206273.62015359 -2278566.10117858 -2254266.58460152 -2247945.46598576
 -2236166.88678139 -2274004.17559262 -2336788.72068434 -2203561.99483897
 -2213536.56104681 -2332104.77885586 -2269256.00724352 -2217291.08791344
 -2193309.63678827 -2261393.02759238 -2148747.16261822 -2121303.65669416
 -2178995.7838602  -2220898.39676561 -2183607.7536334  -2263380.04598695
 -2281461.25898097 -2220218.91416554 -2314015.69320679 -2222010.25116634
 -2209687.28281581 -2295519.23079056 -2201218.2375955  -2150941.3847778
 -2221606.28648779 -2189400.42693359]","[ 1.77070137e+03  2.00424102e+03  8.87324639e+02 -1.55171930e+03
 -9.67508881e+02 -6.03814402e+02 -5.42277679e+02 -6.08220581e+02
 -6.70550010e+02 -3.62300545e+02  1.86914391e+02  6.49199218e+02
  7.79952107e+02 -2.39795551e+02  1.42242967e+02 -4.40613125e+02
  3.10941892e+02  3.16747545e+01 -2.42364672e+02  6.27797496e+01
  2.37604150e+01  1.54777138e+01 -2.62627439e+01  1.87746002e+01
  2.50803853e+01  3.33157140e+01  1.04765869e+01  6.71225968e+00
  1.47304411e+01  2.37158788e+01 -9.26492260e+00  1.65991974e+01
  3.45824766e+01 -8.44917218e+00  4.06237688e+00  4.94128969e+00
 -1.13801285e+01 -4.50274427e+00 -6.75209361e+01 -3.30757522e+01
 -4.52676446e+01  5.48180600e+01 -4.73514568e+01  3.70634593e+01
 -1.18582787e+01 -4.70458808e+00 -3.94891419e+01  2.26020329e+01
 -2.10002113e+01  2.63846865e+01  9.46036810e+00  5.41919424e+00
 -1.23836139e+00  2.14738074e+01  5.93730357e+01 -1.96310208e+01
 -1.72702868e+01  5.58979169e+01  1.57641311e+01 -1.21520990e+01
 -2.76744550e+01  1.22245128e+01 -5.55298839e+01 -7.45027895e+01
 -3.62574516e+01 -9.23469302e+00 -3.53900534e+01  1.01096931e+01
  2.92477254e+01 -1.08392655e+01  4.52485332e+01 -1.14557480e+01
 -1.83550333e+01  3.71086641e+01 -2.47581955e+01 -5.32282904e+01
 -7.54717904e+00 -3.52223494e+01]","[2.50349454e+04 1.89313137e+03 9.99066832e+03 2.39685961e+04
 9.35107264e+03 5.12588670e+01 1.46812087e+01 1.07175746e+01
 1.86835965e+00 6.21506981e+00 2.90285456e-02 4.57007586e-02
 1.95937213e+00 3.27970739e-02 6.20727425e-02 1.14239816e-03
 1.66728630e+00 1.78062493e+02 7.30834445e-01 3.48115700e+00
 5.21554689e-01 3.43514217e+00 2.35207640e+00 1.06251708e+00
 5.05085600e-02 0.00000000e+00 1.47522561e-01 4.19114791e-02
 0.00000000e+00 1.63927971e+00 1.09202004e-03 2.33041902e-01
 0.00000000e+00 3.92009244e-02 1.58463095e-01 2.00223967e-02
 6.08796623e-03 0.00000000e+00 6.14407002e-01 2.05356644e-02
 0.00000000e+00 0.00000000e+00 0.00000000e+00 0.00000000e+00
 4.80297710e-02 0.00000000e+00 9.10709574e-05 0.00000000e+00
 4.36748232e-02 2.13725450e-01 7.09324962e-02 0.00000000e+00
 0.00000000e+00 0.00000000e+00 0.00000000e+00 9.21193813e-02
 1.54932005e-02 2.91225928e-01 3.68694597e-03 1.78765144e-01
 5.55909132e-01 8.17907852e-01 8.61687743e-01 8.52381247e-01
 1.77853486e-01 7.18672596e-03 0.00000000e+00 0.00000000e+00
 7.01407063e-01 0.00000000e+00 0.00000000e+00 1.06673578e+00
 1.08802255e-02 1.73254747e-01 0.00000000e+00 1.13754474e-01
 5.88609287e-01 9.23556842e-01]","[0.24119054 0.22949854 0.46819984 0.85040001 0.80901642 0.7500768
 0.7398968  0.75208891 0.76223416 0.70952644 0.61080485 0.51433836
 0.4869954  0.68859875 0.61719918 0.72362616 0.58539382 0.64412297
 0.68858772 0.63320668 0.64021464 0.64181327 0.64945836 0.64100942
 0.64018273 0.63845759 0.64259844 0.64344883 0.64189977 0.64018982
 0.64654823 0.64148668 0.63871592 0.64618398 0.64384578 0.64359947
 0.64710232 0.64569236 0.65714767 0.65075541 0.65319812 0.63479303
 0.65358718 0.63806218 0.64734615 0.64590372 0.65169593 0.64043281
 0.64841319 0.64026079 0.64294935 0.64369103 0.64501566 0.64076745
 0.63379533 0.64872757 0.6475675  0.63431707 0.6412806  0.64716149
 0.64993042 0.64221159 0.65511184 0.65824726 0.65154043 0.6467421
 0.65099828 0.64194211 0.63994691 0.64677485 0.63630202 0.64660075
 0.64801486 0.6383629  0.64895117 0.65477959 0.64666653 0.65037238]",-5929.935315096174,-1242.5809063036538,0.506833287925163,0.9907762164926116
gnn_act_emb,2,random_250_3000,20,45.90954568651889,-1009882.2740291138,"[-6850364.86486752 -6850364.86486752 -6850364.86486752 -6850364.86486752
 -6850364.86486752 -6850364.86486752 -6850364.86486752 -1666680.9570885
 -1666680.9570885  -1666680.9570885  -1666680.9570885  -1666680.9570885
 -1666680.9570885  -1666680.9570885  -1666680.9570885  -1666680.9570885
 -1666680.9570885  -1666680.9570885  -1666680.9570885  -1666680.9570885
 -1666680.9570885  -1666680.9570885  -1666680.9570885  -1666680.9570885
 -1666680.9570885  -1666680.9570885  -1666680.9570885  -1666680.9570885
 -1666680.9570885  -1666680.9570885  -1666680.9570885  -1666680.9570885
 -1666680.9570885  -1666680.9570885  -1666680.9570885  -1666680.9570885
 -1666680.9570885  -1666680.9570885  -1666680.9570885  -1666680.9570885
 -1666680.9570885  -1666680.9570885  -1666680.9570885  -1666680.9570885
 -1666680.9570885  -1666680.9570885  -1666680.9570885  -1666680.9570885
 -1666680.9570885  -1666680.9570885  -1666680.9570885  -1666680.9570885
 -1666680.9570885  -1666680.9570885  -1666680.9570885  -1666680.9570885
 -1666680.9570885  -1666680.9570885  -1666680.9570885  -1666680.9570885
 -1666680.9570885  -1666680.9570885  -1666680.9570885  -1666680.9570885
 -1666680.9570885  -1666670.76789026 -1666670.76789026 -1666670.76789026
 -1666670.76789026 -1666670.76789026 -1242717.96436269 -1029415.9902198
 -1029415.9902198  -1029415.9902198  -1009882.27402911 -1009882.27402911
 -1009882.27402911 -1009882.27402911 -1009882.27402911]","[-6850364.86486752 -6850364.86486752 -6850364.86486752 -6850364.86486752
 -6850364.86486752 -6850364.86486752 -6850364.86486752 -1666680.9570885
 -1666680.9570885  -1666680.9570885  -1666680.9570885  -1666680.9570885
 -1666680.9570885  -1666680.9570885  -1666680.9570885  -1666680.9570885
 -1666680.9570885  -1666680.9570885  -1666680.9570885  -1666680.9570885
 -1666680.9570885  -1666680.9570885  -1666680.9570885  -1666680.9570885
 -1666680.9570885  -1666680.9570885  -1666680.9570885  -1666680.9570885
 -1666680.9570885  -1666680.9570885  -1666680.9570885  -1666680.9570885
 -1666680.9570885  -1666680.9570885  -1666680.9570885  -1666680.9570885
 -1666680.9570885  -1666680.9570885  -1666680.9570885  -1666680.9570885
 -1666680.9570885  -1666680.9570885  -1666680.9570885  -1666680.9570885
 -1666680.9570885  -1666680.9570885  -1666680.9570885  -1666680.9570885
 -1666680.9570885  -1666680.9570885  -1666680.9570885  -1666680.9570885
 -1666680.9570885  -1666680.9570885  -1666680.9570885  -1666680.9570885
 -1666680.9570885  -1666680.9570885  -1666680.9570885  -1666680.9570885
 -1666680.9570885  -1666680.9570885  -1666680.9570885  -1666680.9570885
 -1666680.9570885  -1666670.76789026 -2962067.5076132  -4318319.60831999
 -2691941.77071408 -2034707.21917814 -1242717.96436269 -1029415.9902198
 -1230466.39680586 -1093696.81904525 -1009882.27402911 -1229711.83710575
 -1821680.76655645 -6552685.1972746  -4492801.11072187]","[ 2063.64093248  2063.64093248  2063.64093248  2063.64093248
  2063.64093248  2063.64093248  2063.64093248 -2673.5380105
 -2673.5380105  -2673.5380105  -2673.5380105  -2673.5380105
 -2673.5380105  -2673.5380105  -2673.5380105  -2673.5380105
 -2673.5380105  -2673.5380105  -2673.5380105  -2673.5380105
 -2673.5380105  -2673.5380105  -2673.5380105  -2673.5380105
 -2673.5380105  -2673.5380105  -2673.5380105  -2673.5380105
 -2673.5380105  -2673.5380105  -2673.5380105  -2673.5380105
 -2673.5380105  -2673.5380105  -2673.5380105  -2673.5380105
 -2673.5380105  -2673.5380105  -2673.5380105  -2673.5380105
 -2673.5380105  -2673.5380105  -2673.5380105  -2673.5380105
 -2673.5380105  -2673.5380105  -2673.5380105  -2673.5380105
 -2673.5380105  -2673.5380105  -2673.5380105  -2673.5380105
 -2673.5380105  -2673.5380105  -2673.5380105  -2673.5380105
 -2673.5380105  -2673.5380105  -2673.5380105  -2673.5380105
 -2673.5380105  -2673.5380105  -2673.5380105  -2673.5380105
 -2673.5380105  -2673.52673225  -886.08759475   217.93678827
 -1670.94342007 -1661.85095519 -2272.7145629  -1367.36779576
  -942.66784261 -1571.81357373 -1181.46027288  -843.18002969
  -349.36455434  1869.93402475  1138.8664222 ]","[    0.             0.             0.             0.
     0.             0.             0.          9843.66760918
  9843.66760918  9843.66760918  9843.66760918  9843.66760918
  9843.66760918  9843.66760918  9843.66760918  9843.66760918
  9843.66760918  9843.66760918  9843.66760918  9843.66760918
  9843.66760918  9843.66760918  9843.66760918  9843.66760918
  9843.66760918  9843.66760918  9843.66760918  9843.66760918
  9843.66760918  9843.66760918  9843.66760918  9843.66760918
  9843.66760918  9843.66760918  9843.66760918  9843.66760918
  9843.66760918  9843.66760918  9843.66760918  9843.66760918
  9843.66760918  9843.66760918  9843.66760918  9843.66760918
  9843.66760918  9843.66760918  9843.66760918  9843.66760918
  9843.66760918  9843.66760918  9843.66760918  9843.66760918
  9843.66760918  9843.66760918  9843.66760918  9843.66760918
  9843.66760918  9843.66760918  9843.66760918  9843.66760918
  9843.66760918  9843.66760918  9843.66760918  9843.66760918
  9843.66760918  9843.66760918  3453.44409718  9871.08552248
 15686.71194434 10261.12707263  5381.340478    2093.91368824
   407.65475263  3330.21762352  1154.99309236   552.49731336
   709.54703962  1482.09913339  1276.68582784]","[0.21470237 0.21470237 0.21470237 0.21470237 0.21470237 0.21470237
 0.21470237 0.99995465 0.99995465 0.99995465 0.99995465 0.99995465
 0.99995465 0.99995465 0.99995465 0.99995465 0.99995465 0.99995465
 0.99995465 0.99995465 0.99995465 0.99995465 0.99995465 0.99995465
 0.99995465 0.99995465 0.99995465 0.99995465 0.99995465 0.99995465
 0.99995465 0.99995465 0.99995465 0.99995465 0.99995465 0.99995465
 0.99995465 0.99995465 0.99995465 0.99995465 0.99995465 0.99995465
 0.99995465 0.99995465 0.99995465 0.99995465 0.99995465 0.99995465
 0.99995465 0.99995465 0.99995465 0.99995465 0.99995465 0.99995465
 0.99995465 0.99995465 0.99995465 0.99995465 0.99995465 0.99995465
 0.99995465 0.99995465 0.99995465 0.99995465 0.99995465 0.99995465
 0.71158127 0.58466831 0.88128478 0.89083305 0.96494214 0.87515308
 0.8060132  0.89650806 0.84522584 0.78861036 0.70478729 0.24597738
 0.41540367]",-5929.935315096174,-1242.5809063036538,0.506833287925163,0.9907762164926116
gnn_act_emb,2,random_250_3000,10,45.86657632793611,-1644613.8183682358,"[-1665531.38665794 -1665531.38665794 -1665531.38665794 -1665531.38665794
 -1665531.38665794 -1665531.38665794 -1665531.38665794 -1665531.38665794
 -1665531.38665794 -1665531.38665794 -1665531.38665794 -1665531.38665794
 -1665531.38665794 -1665531.38665794 -1665531.38665794 -1665531.38665794
 -1665531.38665794 -1665531.38665794 -1644613.81836824 -1644613.81836824
 -1644613.81836824 -1644613.81836824 -1644613.81836824 -1644613.81836824
 -1644613.81836824 -1644613.81836824 -1644613.81836824 -1644613.81836824
 -1644613.81836824 -1644613.81836824 -1644613.81836824 -1644613.81836824
 -1644613.81836824 -1644613.81836824 -1644613.81836824 -1644613.81836824
 -1644613.81836824 -1644613.81836824 -1644613.81836824 -1644613.81836824
 -1644613.81836824 -1644613.81836824 -1644613.81836824 -1644613.81836824
 -1644613.81836824 -1644613.81836824 -1644613.81836824 -1644613.81836824
 -1644613.81836824 -1644613.81836824 -1644613.81836824 -1644613.81836824
 -1644613.81836824 -1644613.81836824 -1644613.81836824 -1644613.81836824
 -1644613.81836824 -1644613.81836824 -1644613.81836824 -1644613.81836824
 -1644613.81836824 -1644613.81836824 -1644613.81836824 -1644613.81836824
 -1644613.81836824 -1644613.81836824 -1644613.81836824 -1644613.81836824
 -1644613.81836824 -1644613.81836824 -1644613.81836824 -1644613.81836824
 -1644613.81836824 -1644613.81836824 -1644613.81836824 -1644613.81836824
 -1644613.81836824 -1644613.81836824 -1644613.81836824]","[-1665531.38665794 -1666680.9570885  -6850364.86486752 -6850364.86486752
 -6850364.86486752 -6850364.86486752 -6850364.86486752 -6850364.86486752
 -6850364.86486752 -6850364.86486752 -6850364.86486752 -6850364.86486752
 -6850364.86486752 -6850364.86486752 -6850364.86486752 -6850364.86486752
 -6848887.57536417 -2985005.85770034 -1644613.81836824 -2683648.80842232
 -2131263.46169158 -2258861.30163404 -2129394.4430479  -2208090.76050223
 -2194832.61089103 -2251244.65931236 -2246261.42950043 -2239378.18632588
 -2243241.84990583 -2180930.03218159 -2203780.98512156 -2329170.30255719
 -2122171.06061857 -2212796.57165909 -2203566.07458046 -2202896.48615577
 -2198957.65978455 -2240869.12952995 -2269857.29309944 -2163789.80010341
 -2225396.5830365  -2212863.46985353 -2216830.30037563 -2147802.94322188
 -2218502.98535106 -2202427.28289061 -2188636.33245292 -2277951.27499035
 -2207598.43658159 -2264333.81798782 -2185134.87564532 -2326591.37296843
 -2148509.51162104 -2210885.09710354 -2184551.9236708  -2213389.88584997
 -2209456.71154911 -2196467.13767607 -2205931.04775504 -2241757.39722403
 -2203475.52440675 -2217573.6909393  -2138324.60852924 -2206256.41730915
 -2214913.39607414 -2219326.56855623 -2198519.08690235 -2277336.24740965
 -2247620.34954581 -2233166.8578848  -2186105.19923275 -2220453.78226528
 -2219877.88833202 -2242301.91426037 -2145924.49020371 -2200280.74912545
 -2225817.07694626 -2206891.93614455 -2194681.22346688]","[-2.67286738e+03 -2.67353801e+03  2.06364093e+03  2.06364093e+03
  2.06364093e+03  2.06364093e+03  2.06364093e+03  2.06364093e+03
  2.06364093e+03  2.06364093e+03  2.06364093e+03  2.06364093e+03
  2.06364093e+03  2.06364093e+03  2.06364093e+03  2.06364093e+03
  2.05923590e+03 -7.81451852e+01 -4.02774686e+02  2.53531943e+02
 -6.82801240e+01  1.10457901e+01 -6.79060788e+01 -2.34183377e+01
 -2.63296135e+01  8.22298585e+00  8.74316932e+00 -1.45897193e+00
  3.73557186e+00 -3.90237154e+01 -2.72850907e+01  4.79975228e+01
 -7.77080635e+01 -4.40380085e+00 -2.70766067e+01 -1.83364436e+01
 -2.82523197e+01 -7.84031779e-01  5.00592056e+00 -4.60865025e+01
 -4.13834261e+00 -1.77883925e+01 -1.08558768e+01 -5.53436217e+01
 -1.07606605e+01 -3.00802940e+01 -3.34518814e+01  2.65767897e+01
 -2.08161864e+01  6.16345402e+00 -3.88292844e+01  4.90329916e+01
 -5.40673497e+01 -1.41253043e+01 -4.01399064e+01 -7.33118924e+00
 -1.04260456e+01 -3.07002704e+01 -1.15913838e+01  2.57519974e-01
 -2.27997273e+01 -1.23811264e+01 -6.29844338e+01 -2.10626919e+01
 -1.10818778e+01 -7.79315939e+00 -3.36506192e+01  2.21223504e+01
  2.44114161e+00 -1.27855380e+00 -3.61184632e+01 -7.83492464e+00
 -9.50433641e+00  1.19699785e+00 -5.40604496e+01 -2.86266868e+01
 -3.61353629e+00 -1.72618952e+01 -3.09474243e+01]","[9.83431905e+03 9.84366761e+03 0.00000000e+00 0.00000000e+00
 0.00000000e+00 0.00000000e+00 0.00000000e+00 0.00000000e+00
 0.00000000e+00 0.00000000e+00 0.00000000e+00 0.00000000e+00
 0.00000000e+00 0.00000000e+00 0.00000000e+00 0.00000000e+00
 1.50467849e+00 6.97241304e+03 6.79791023e-01 1.68556550e-02
 1.29442676e-01 4.39624097e-03 8.29404909e-02 3.52960452e-02
 3.01197750e-02 1.85898210e-03 1.78888974e-02 1.48471395e-02
 1.56357685e-03 4.23654614e-02 2.91535090e-02 0.00000000e+00
 8.81907510e-02 1.61998241e-03 2.22145375e-02 1.81329212e-02
 2.15728486e-02 6.67478171e-03 0.00000000e+00 5.12238093e-02
 6.10533888e-03 1.52692101e-02 9.96818811e-03 4.99386016e-02
 6.57630589e-03 3.10353660e-02 3.92003152e-02 0.00000000e+00
 9.87735209e-03 7.08818393e-04 3.48904093e-02 0.00000000e+00
 5.60025132e-02 4.13259224e-03 5.33404437e-02 4.38780731e-03
 1.71990346e-02 3.35134571e-02 1.03027126e-02 4.43264005e-03
 3.21919948e-02 1.65951286e-02 7.98049546e-02 2.29873729e-02
 1.63411638e-02 5.73636831e-03 4.62772315e-02 0.00000000e+00
 8.46307418e-03 4.54211002e-03 3.31570952e-02 4.38440639e-03
 8.80255604e-03 2.79838218e-03 5.25095409e-02 2.82143864e-02
 3.78629968e-03 1.43616930e-02 3.33978260e-02]","[0.99993158 0.99995465 0.21470237 0.21470237 0.21470237 0.21470237
 0.21470237 0.21470237 0.21470237 0.21470237 0.21470237 0.21470237
 0.21470237 0.21470237 0.21470237 0.21470237 0.21481615 0.65009256
 0.71795198 0.5971863  0.65708591 0.64245983 0.65729827 0.6482074
 0.64972165 0.64331195 0.64386907 0.64465388 0.64421509 0.65132263
 0.64869851 0.63462084 0.65815162 0.64766474 0.64872291 0.64879884
 0.64925297 0.6444833  0.64122967 0.65330961 0.64623269 0.64765988
 0.64720758 0.65516296 0.64701866 0.64885426 0.65043537 0.64032039
 0.64826206 0.64184662 0.65083996 0.63490795 0.65508076 0.64788523
 0.65090673 0.64759942 0.64804752 0.64953532 0.6484506  0.64438183
 0.64873334 0.64712329 0.65626609 0.64841572 0.64742515 0.64692245
 0.6493009  0.64039064 0.64372255 0.64535412 0.65072468 0.64679464
 0.64685958 0.64432227 0.65537989 0.64909826 0.64618587 0.6483418
 0.64973949]",-5929.935315096174,-1242.5809063036538,0.506833287925163,0.9907762164926116
